student_id,first_name,surname,gender,region,board,coaching,marks,entrance_score,admitted
A00001,Riya,Fernandes,Female,Urban,CBSE,No,65,61,No
A00002,Faisal,Iyer,Male,Rural,CBSE,Yes,82,78,Yes
A00003,Vikram,Verma,Male,Urban,CBSE,No,81,81,Yes
A00004,Suresh,Mehta,Male,Urban,State,No,67,68,No
A00005,Suresh,Gupta,Male,Rural,State,Yes,55,46,No
A00006,Manish,Nair,Male,Rural,State,Yes,73,80,Yes
A00007,Amit,Sheikh,Male,Urban,State,No,73,82,No
A00008,Meera,Verma,Female,Urban,ICSE,No,77,65,Yes
A00009,Pradeep,Rao,Male,Urban,State,Yes,70,70,Yes
A00010,Suresh,Sheikh,Male,Urban,State,No,70,58,No
A00011,Aditya,Mirza,Male,Urban,CBSE,Yes,62,60,No
A00012,Pradeep,Hussain,Male,Rural,State,No,49,58,No
A00013,Joseph,Iyer,Male,Urban,ICSE,No,63,54,No
A00014,Arjun,George,Male,Urban,CBSE,No,67,69,Yes
A00015,Mary,Reddy,Female,Urban,CBSE,No,66,58,Yes
A00016,Lakshmi,Mehta,Female,Rural,ICSE,Yes,51,40,No
A00017,Sunita,D'Souza,Female,Urban,CBSE,No,57,65,No
A00018,Sarah,Mirza,Female,Urban,ICSE,Yes,65,60,Yes
A00019,Sunita,Mathew,Female,Urban,State,No,68,63,Yes
A00020,Amit,Joseph,Male,Urban,State,No,45,47,No
A00021,Manish,Khan,Male,Rural,State,No,75,82,No
A00022,Joseph,Mirza,Male,Urban,CBSE,Yes,86,85,Yes
A00023,Aditya,Patel,Male,Urban,State,No,74,69,No
A00024,Arjun,Sharma,Male,Rural,State,No,90,85,Yes
A00025,Aditya,Hussain,Male,Urban,CBSE,Yes,60,54,No
A00026,Faisal,Patel,Male,Urban,State,No,69,66,No
A00027,Priya,Thomas,Female,Urban,CBSE,Yes,71,64,No
A00028,Sneha,Sharma,Female,Urban,State,Yes,59,52,Yes
A00029,Sarah,Gupta,Female,Urban,CBSE,Yes,68,59,No
A00030,Aditya,Verma,Male,Urban,CBSE,Yes,75,81,Yes
A00031,Rekha,Rao,Female,Urban,CBSE,No,88,91,Yes
A00032,Riya,Rao,Female,Urban,State,Yes,82,80,Yes
A00033,Meera,Patel,Female,Urban,State,Yes,72,81,No
A00034,Riya,D'Souza,Female,Urban,CBSE,Yes,75,70,Yes
A00035,Rohan,Thomas,Male,Urban,ICSE,Yes,58,56,No
A00036,Meera,Joseph,Female,Urban,CBSE,No,67,74,No
A00037,Vikram,George,Male,Rural,CBSE,No,58,47,No
A00038,Amit,Khan,Male,Urban,State,No,64,65,No
A00039,Anjali,Rao,Female,Rural,ICSE,Yes,73,70,Yes
A00040,Daniel,Iyer,Male,Rural,ICSE,Yes,59,48,No
A00041,Sandeep,D'Souza,Male,Urban,CBSE,Yes,53,58,No
A00042,Arjun,D'Souza,Male,Urban,ICSE,No,69,77,No
A00043,Imran,Ahmed,Male,Urban,State,No,73,61,No
A00044,Pradeep,Gupta,Male,Urban,State,Yes,93,88,No
A00045,Kavya,Ali,Female,Rural,State,No,72,67,Yes
A00046,Vikram,Mirza,Male,Urban,ICSE,Yes,71,48,Yes
A00047,Joseph,Nair,Male,Rural,CBSE,No,87,92,Yes
A00048,Kavya,Ahmed,Female,Urban,State,No,79,76,Yes
A00049,Manish,Reddy,Male,Rural,State,Yes,85,69,Yes
A00050,Rohan,Mathew,Male,Rural,ICSE,Yes,70,74,Yes
A00051,Rekha,George,Female,Urban,State,Yes,74,78,No
A00052,Vikram,Verma,Male,Urban,State,Yes,98,90,Yes
A00053,Ravi,Sharma,Male,Urban,State,Yes,70,45,No
A00054,Divya,Reddy,Female,Urban,CBSE,Yes,69,71,Yes
A00055,Amit,Reddy,Male,Urban,CBSE,No,79,78,Yes
A00056,Joseph,Rao,Male,Urban,CBSE,Yes,55,56,Yes
A00057,Anjali,Verma,Female,Urban,State,Yes,81,73,Yes
A00058,Divya,Sheikh,Female,Rural,ICSE,Yes,56,56,Yes
A00059,Sandeep,Iyer,Male,Urban,State,No,85,84,Yes
A00060,Rohan,Joseph,Male,Urban,CBSE,Yes,60,56,Yes
A00061,Vikram,Joseph,Male,Urban,CBSE,Yes,75,67,No
A00062,Fatima,Mathew,Female,Urban,CBSE,Yes,58,51,No
A00063,Arjun,Hussain,Male,Urban,CBSE,Yes,94,89,Yes
A00064,Karan,Reddy,Male,Urban,CBSE,Yes,76,77,No
A00065,Vikram,Iyer,Male,Rural,State,No,81,79,No
A00066,Pradeep,Reddy,Male,Urban,CBSE,No,57,60,No
A00067,Karan,Rahman,Male,Urban,State,No,67,74,No
A00068,Fatima,Ahmed,Female,Rural,CBSE,Yes,74,73,Yes
A00069,Kavya,Khan,Female,Rural,ICSE,No,90,95,Yes
A00070,Suresh,Mathew,Male,Urban,ICSE,Yes,59,58,No
A00071,Meera,Iyer,Female,Urban,CBSE,Yes,86,84,Yes
A00072,Sandeep,Hussain,Male,Rural,ICSE,Yes,57,50,No
A00073,Pooja,Patel,Female,Urban,CBSE,Yes,70,54,No
A00074,Divya,Ali,Female,Urban,State,Yes,75,79,Yes
A00075,Meera,Mehta,Female,Urban,State,Yes,83,88,Yes
A00076,Daniel,Reddy,Male,Urban,State,Yes,80,77,No
A00077,Pooja,Sharma,Female,Urban,CBSE,No,72,69,Yes
A00078,Lakshmi,Joshi,Female,Rural,State,No,56,57,No
A00079,Vikram,Gupta,Male,Urban,CBSE,Yes,51,41,No
A00080,Pooja,Joshi,Female,Urban,ICSE,No,71,58,No
A00081,Sunita,Mathew,Female,Rural,CBSE,Yes,75,66,No
A00082,Sneha,Siddiqui,Female,Urban,State,Yes,74,72,No
A00083,Fatima,Thomas,Female,Urban,CBSE,No,70,62,No
A00084,Sneha,Khan,Female,Urban,State,No,68,59,Yes
A00085,Aisha,Iyer,Female,Rural,CBSE,Yes,73,69,Yes
A00086,Sandeep,Mehta,Male,Urban,CBSE,Yes,87,81,Yes
A00087,Fatima,Ali,Female,Urban,CBSE,Yes,78,77,No
A00088,Pooja,George,Female,Rural,State,No,75,76,Yes
A00089,Suresh,Sharma,Male,Urban,State,Yes,58,54,Yes
A00090,Imran,Iyer,Male,Urban,State,Yes,84,80,Yes
A00091,Sarah,Hussain,Female,Urban,CBSE,Yes,89,94,No
A00092,Mary,Gupta,Female,Urban,State,No,57,44,No
A00093,Arjun,Nair,Male,Rural,State,Yes,85,84,Yes
A00094,Daniel,Sheikh,Male,Urban,CBSE,Yes,58,54,Yes
A00095,Neha,Rao,Female,Rural,CBSE,No,83,77,Yes
A00096,Manish,Siddiqui,Male,Rural,CBSE,No,62,62,No
A00097,Fatima,Nair,Female,Urban,CBSE,No,57,40,No
A00098,Sandeep,Joseph,Male,Urban,State,Yes,64,57,Yes
A00099,Amit,Mathew,Male,Urban,State,Yes,54,68,No
A00100,Neha,Reddy,Female,Rural,State,No,81,85,No
A00101,Arjun,Mirza,Male,Urban,CBSE,No,97,87,Yes
A00102,Pooja,Mehta,Female,Rural,State,No,40,47,No
A00103,Manish,Fernandes,Male,Urban,ICSE,Yes,74,74,Yes
A00104,Daniel,Gupta,Male,Rural,CBSE,Yes,99,96,Yes
A00105,Manish,Rao,Male,Urban,CBSE,Yes,71,61,Yes
A00106,Vikram,Khan,Male,Rural,CBSE,Yes,71,61,Yes
A00107,Neha,Sharma,Female,Rural,State,Yes,67,79,No
A00108,Pradeep,Rao,Male,Urban,CBSE,Yes,72,85,Yes
A00109,Imran,Thomas,Male,Urban,CBSE,No,64,61,Yes
A00110,Daniel,Siddiqui,Male,Urban,CBSE,Yes,73,63,Yes
A00111,Rohan,Reddy,Male,Urban,State,Yes,78,88,Yes
A00112,Riya,Sharma,Female,Urban,CBSE,Yes,71,59,Yes
A00113,Rekha,Iyer,Female,Urban,State,No,45,58,No
A00114,Amit,Gupta,Male,Urban,ICSE,No,48,40,No
A00115,Anjali,Sharma,Female,Urban,State,Yes,76,76,No
A00116,Sunita,Joseph,Female,Urban,CBSE,No,87,76,No
A00117,Faisal,Thomas,Male,Rural,State,No,70,61,No
A00118,Ravi,Mirza,Male,Urban,CBSE,Yes,77,78,Yes
A00119,Rahul,George,Male,Urban,ICSE,Yes,48,43,No
A00120,Rekha,Iyer,Female,Rural,ICSE,Yes,72,73,No
A00121,Aditya,Fernandes,Male,Urban,State,Yes,76,84,No
A00122,Lakshmi,Mehta,Female,Urban,State,Yes,49,48,No
A00123,Kavya,Sharma,Female,Urban,CBSE,Yes,69,57,No
A00124,Rohan,Sharma,Male,Urban,CBSE,No,79,89,Yes
A00125,Rahul,Reddy,Male,Rural,CBSE,No,74,64,No
A00126,Faisal,Hussain,Male,Urban,State,Yes,77,63,Yes
A00127,Aditya,Joshi,Male,Urban,State,No,62,42,No
A00128,Rohan,Mathew,Male,Urban,CBSE,Yes,74,74,No
A00129,Amit,Ahmed,Male,Urban,State,No,62,59,No
A00130,Amit,George,Male,Rural,CBSE,Yes,73,75,No
A00131,Vikram,Joshi,Male,Urban,CBSE,Yes,52,56,No
A00132,Sandeep,Verma,Male,Urban,CBSE,Yes,60,59,No
A00133,Lakshmi,George,Female,Urban,State,Yes,58,40,No
A00134,Vikram,Patel,Male,Urban,CBSE,Yes,73,53,Yes
A00135,Pooja,Rahman,Female,Urban,State,No,75,69,Yes
A00136,Mary,Mathew,Female,Rural,State,Yes,75,55,No
A00137,Aditya,Iyer,Male,Urban,CBSE,Yes,61,58,No
A00138,Rohan,Thomas,Male,Rural,ICSE,Yes,66,67,No
A00139,Faisal,Mehta,Male,Urban,ICSE,Yes,63,67,Yes
A00140,Ravi,Gupta,Male,Urban,State,No,40,41,No
A00141,Rohan,Rao,Male,Urban,CBSE,No,51,46,No
A00142,Vikram,Nair,Male,Urban,CBSE,Yes,73,73,No
A00143,Joseph,Thomas,Male,Urban,State,No,77,83,Yes
A00144,Daniel,Sheikh,Male,Urban,CBSE,No,66,67,No
A00145,Amit,Khan,Male,Urban,ICSE,No,53,52,No
A00146,Daniel,Mathew,Male,Urban,ICSE,Yes,86,76,No
A00147,Joseph,D'Souza,Male,Rural,CBSE,No,75,59,Yes
A00148,Arjun,Thomas,Male,Urban,State,No,56,55,No
A00149,Mary,Fernandes,Female,Rural,CBSE,Yes,79,77,No
A00150,Ravi,Verma,Male,Rural,ICSE,No,61,59,No
A00151,Vikram,D'Souza,Male,Rural,CBSE,No,65,62,Yes
A00152,Joseph,Mathew,Male,Rural,ICSE,Yes,78,77,No
A00153,Aditya,Gupta,Male,Rural,State,No,63,53,No
A00154,Kavya,Sheikh,Female,Urban,State,Yes,80,72,Yes
A00155,Lakshmi,D'Souza,Female,Urban,CBSE,Yes,82,85,Yes
A00156,Rahul,Reddy,Male,Urban,CBSE,Yes,87,82,Yes
A00157,Manish,Reddy,Male,Rural,CBSE,No,86,87,No
A00158,Arjun,Rao,Male,Rural,CBSE,No,52,54,No
A00159,Anjali,Nair,Female,Urban,CBSE,Yes,63,62,No
A00160,Kavya,Hussain,Female,Urban,CBSE,Yes,98,93,Yes
A00161,Rohan,Mathew,Male,Urban,State,Yes,78,82,No
A00162,Mary,Gupta,Female,Rural,CBSE,No,84,90,No
A00163,Vikram,Reddy,Male,Rural,CBSE,Yes,69,69,No
A00164,Meera,Verma,Female,Urban,CBSE,Yes,63,65,Yes
A00165,Aisha,Ahmed,Female,Rural,ICSE,Yes,71,58,Yes
A00166,Meera,Nair,Female,Rural,CBSE,Yes,63,67,No
A00167,Arjun,Thomas,Male,Rural,CBSE,No,81,70,Yes
A00168,Sarah,Nair,Female,Rural,CBSE,Yes,71,79,Yes
A00169,Rahul,Ahmed,Male,Rural,CBSE,Yes,80,76,Yes
A00170,Faisal,Joseph,Male,Rural,CBSE,No,90,98,Yes
A00171,Imran,George,Male,Rural,CBSE,No,52,42,No
A00172,Amit,Fernandes,Male,Urban,State,Yes,84,95,Yes
A00173,Daniel,Iyer,Male,Urban,ICSE,Yes,71,59,No
A00174,Manish,Mehta,Male,Urban,State,Yes,75,59,Yes
A00175,Pooja,Verma,Female,Urban,CBSE,Yes,76,82,Yes
A00176,Rahul,Patel,Male,Rural,CBSE,No,83,72,Yes
A00177,Mary,Fernandes,Female,Rural,CBSE,Yes,68,67,Yes
A00178,Sandeep,Mathew,Male,Urban,State,No,70,74,No
A00179,Joseph,Mehta,Male,Urban,State,Yes,88,87,Yes
A00180,Riya,Sharma,Female,Urban,ICSE,No,90,76,Yes
A00181,Rohan,Rao,Male,Urban,CBSE,Yes,73,78,Yes
A00182,Amit,Mathew,Male,Rural,CBSE,No,66,75,Yes
A00183,Rekha,D'Souza,Female,Urban,CBSE,Yes,83,79,No
A00184,Pooja,Patel,Female,Urban,CBSE,No,59,48,No
A00185,Kavya,D'Souza,Female,Urban,State,Yes,73,61,Yes
A00186,Joseph,D'Souza,Male,Urban,CBSE,Yes,79,86,Yes
A00187,Faisal,Fernandes,Male,Rural,CBSE,Yes,62,58,No
A00188,Imran,Joseph,Male,Urban,State,No,49,44,No
A00189,Mary,George,Female,Urban,State,Yes,72,68,No
A00190,Karan,Thomas,Male,Urban,CBSE,Yes,76,87,No
A00191,Sneha,D'Souza,Female,Urban,ICSE,Yes,73,70,Yes
A00192,Joseph,Reddy,Male,Rural,State,Yes,64,60,No
A00193,Priya,Patel,Female,Rural,CBSE,Yes,76,72,No
A00194,Arjun,Sharma,Male,Urban,State,Yes,78,68,Yes
A00195,Manish,Khan,Male,Rural,CBSE,No,65,65,No
A00196,Rohan,Sharma,Male,Rural,State,Yes,73,60,Yes
A00197,Neha,Iyer,Female,Urban,State,Yes,80,76,No
A00198,Meera,Sharma,Female,Rural,CBSE,Yes,83,82,Yes
A00199,Meera,Verma,Female,Urban,CBSE,Yes,68,78,No
A00200,Arjun,D'Souza,Male,Urban,ICSE,Yes,60,62,No
A00201,Sandeep,Thomas,Male,Urban,State,No,73,67,No
A00202,Fatima,Nair,Female,Rural,State,Yes,89,82,Yes
A00203,Suresh,Gupta,Male,Rural,CBSE,Yes,46,47,No
A00204,Daniel,Verma,Male,Urban,State,No,66,60,No
A00205,Meera,Patel,Female,Urban,State,Yes,69,66,Yes
A00206,Divya,Reddy,Female,Urban,CBSE,No,70,73,Yes
A00207,Sneha,Rahman,Female,Urban,CBSE,Yes,67,69,No
A00208,Sunita,D'Souza,Female,Rural,CBSE,Yes,67,74,No
A00209,Karan,Sheikh,Male,Urban,CBSE,No,78,84,No
A00210,Arjun,Sharma,Male,Urban,CBSE,No,64,57,No
A00211,Vikram,Ali,Male,Rural,CBSE,No,53,41,Yes
A00212,Rekha,Siddiqui,Female,Urban,State,Yes,54,52,No
A00213,Sandeep,Hussain,Male,Urban,State,Yes,72,72,No
A00214,Ravi,Joseph,Male,Rural,CBSE,Yes,90,78,Yes
A00215,Riya,Ali,Female,Urban,State,No,88,90,No
A00216,Faisal,Mirza,Male,Rural,ICSE,No,80,85,No
A00217,Kavya,Sharma,Female,Rural,CBSE,Yes,49,51,No
A00218,Sandeep,Ahmed,Male,Urban,State,Yes,78,72,Yes
A00219,Daniel,D'Souza,Male,Urban,CBSE,Yes,61,49,Yes
A00220,Aditya,Siddiqui,Male,Rural,CBSE,Yes,51,57,No
A00221,Sneha,Fernandes,Female,Urban,ICSE,Yes,61,58,No
A00222,Rohan,Ali,Male,Urban,CBSE,Yes,64,75,No
A00223,Rekha,Ali,Female,Urban,State,No,56,42,No
A00224,Pooja,Iyer,Female,Rural,State,Yes,62,51,No
A00225,Lakshmi,Thomas,Female,Rural,CBSE,Yes,73,73,Yes
A00226,Priya,Rahman,Female,Urban,State,No,73,61,No
A00227,Neha,Rahman,Female,Urban,CBSE,No,92,87,Yes
A00228,Vikram,Hussain,Male,Rural,State,Yes,76,67,Yes
A00229,Suresh,Reddy,Male,Urban,State,No,65,52,No
A00230,Sandeep,Khan,Male,Urban,State,No,81,79,No
A00231,Meera,Hussain,Female,Urban,CBSE,Yes,55,43,No
A00232,Manish,Fernandes,Male,Urban,State,Yes,58,52,No
A00233,Riya,Verma,Female,Rural,State,No,74,69,No
A00234,Pradeep,Mirza,Male,Rural,CBSE,No,81,77,Yes
A00235,Rohan,Gupta,Male,Urban,State,No,55,46,No
A00236,Sneha,Khan,Female,Urban,State,No,75,74,No
A00237,Suresh,Verma,Male,Urban,CBSE,Yes,69,65,No
A00238,Sneha,Hussain,Female,Urban,CBSE,Yes,86,80,Yes
A00239,Aisha,Mirza,Female,Urban,State,No,78,76,Yes
A00240,Mary,D'Souza,Female,Urban,State,No,82,84,Yes
A00241,Kavya,Mathew,Female,Urban,State,No,78,83,Yes
A00242,Rohan,Mirza,Male,Urban,CBSE,No,55,56,No
A00243,Meera,Rao,Female,Rural,State,Yes,76,88,Yes
A00244,Fatima,Khan,Female,Rural,State,No,75,71,Yes
A00245,Pooja,Nair,Female,Urban,State,Yes,58,49,No
A00246,Sandeep,Hussain,Male,Urban,CBSE,Yes,70,76,No
A00247,Anjali,Joshi,Female,Urban,State,Yes,85,92,Yes
A00248,Suresh,Verma,Male,Urban,CBSE,No,71,82,No
A00249,Sarah,Mehta,Female,Rural,State,No,76,68,No
A00250,Karan,Gupta,Male,Urban,State,Yes,57,55,No
A00251,Meera,Iyer,Female,Rural,State,Yes,83,82,Yes
A00252,Meera,Nair,Female,Urban,CBSE,No,59,53,No
A00253,Neha,Iyer,Female,Rural,State,Yes,64,61,No
A00254,Pooja,Sharma,Female,Urban,CBSE,No,86,80,Yes
A00255,Faisal,Ali,Male,Urban,ICSE,No,54,43,No
A00256,Riya,Rao,Female,Urban,ICSE,Yes,87,83,Yes
A00257,Rahul,Ahmed,Male,Rural,CBSE,Yes,72,79,Yes
A00258,Fatima,Fernandes,Female,Rural,CBSE,Yes,64,61,No
A00259,Karan,Ali,Male,Urban,CBSE,Yes,66,75,No
A00260,Joseph,Iyer,Male,Rural,State,No,81,77,No
A00261,Rohan,Nair,Male,Rural,ICSE,Yes,77,78,No
A00262,Karan,Joseph,Male,Rural,ICSE,Yes,62,54,No
A00263,Aisha,Reddy,Female,Rural,State,No,71,70,No
A00264,Pooja,Verma,Female,Urban,CBSE,No,99,99,No
A00265,Aditya,Fernandes,Male,Rural,ICSE,No,91,99,No
A00266,Anjali,Joseph,Female,Rural,CBSE,Yes,75,70,No
A00267,Arjun,Hussain,Male,Urban,CBSE,No,62,63,No
A00268,Aisha,Sharma,Female,Urban,State,Yes,71,81,Yes
A00269,Divya,Rahman,Female,Rural,CBSE,Yes,86,84,Yes
A00270,Sneha,Rahman,Female,Rural,CBSE,Yes,85,88,No
A00271,Pooja,George,Female,Urban,State,No,68,64,Yes
A00272,Amit,Hussain,Male,Urban,CBSE,Yes,61,84,No
A00273,Arjun,Mehta,Male,Urban,CBSE,No,48,42,No
A00274,Vikram,Sharma,Male,Rural,ICSE,Yes,74,61,No
A00275,Sarah,Patel,Female,Urban,CBSE,No,82,71,Yes
A00276,Amit,Mehta,Male,Urban,State,Yes,71,69,Yes
A00277,Kavya,Khan,Female,Rural,ICSE,Yes,75,65,Yes
A00278,Kavya,Ali,Female,Urban,ICSE,Yes,73,71,Yes
A00279,Priya,George,Female,Urban,State,Yes,71,70,No
A00280,Pooja,Reddy,Female,Urban,ICSE,No,61,54,Yes
A00281,Anjali,Joshi,Female,Urban,State,Yes,48,57,No
A00282,Priya,Thomas,Female,Urban,ICSE,Yes,64,71,No
A00283,Lakshmi,Nair,Female,Rural,State,Yes,74,77,No
A00284,Rohan,Rao,Male,Urban,ICSE,Yes,97,97,Yes
A00285,Meera,Rahman,Female,Urban,State,No,40,40,No
A00286,Aditya,Fernandes,Male,Rural,CBSE,No,79,66,No
A00287,Sneha,Patel,Female,Urban,State,Yes,67,67,Yes
A00288,Imran,Siddiqui,Male,Urban,CBSE,Yes,74,75,No
A00289,Suresh,Hussain,Male,Rural,State,Yes,80,78,No
A00290,Rekha,Rahman,Female,Rural,CBSE,Yes,53,52,No
A00291,Pooja,Joseph,Female,Rural,CBSE,No,67,77,No
A00292,Riya,D'Souza,Female,Urban,State,Yes,62,65,No
A00293,Imran,George,Male,Rural,CBSE,Yes,72,71,No
A00294,Suresh,Sharma,Male,Urban,ICSE,Yes,64,63,No
A00295,Imran,Verma,Male,Urban,CBSE,Yes,70,68,Yes
A00296,Sneha,Joseph,Female,Urban,CBSE,Yes,66,62,No
A00297,Kavya,Reddy,Female,Urban,State,No,76,77,No
A00298,Amit,Hussain,Male,Rural,ICSE,No,56,65,No
A00299,Lakshmi,Verma,Female,Urban,State,Yes,93,99,Yes
A00300,Rekha,Nair,Female,Rural,CBSE,Yes,51,40,No
A00301,Suresh,George,Male,Urban,CBSE,Yes,73,72,No
A00302,Lakshmi,Ahmed,Female,Urban,ICSE,Yes,77,69,Yes
A00303,Neha,Reddy,Female,Urban,State,Yes,57,55,No
A00304,Arjun,Joshi,Male,Rural,CBSE,No,77,69,Yes
A00305,Suresh,Hussain,Male,Rural,CBSE,Yes,73,70,Yes
A00306,Sneha,Ahmed,Female,Urban,CBSE,Yes,72,70,No
A00307,Sneha,Sheikh,Female,Urban,CBSE,Yes,64,69,Yes
A00308,Manish,Nair,Male,Urban,CBSE,Yes,63,63,No
A00309,Sarah,Rao,Female,Urban,State,No,85,82,Yes
A00310,Kavya,D'Souza,Female,Rural,CBSE,No,56,52,No
A00311,Aisha,George,Female,Urban,CBSE,Yes,83,74,Yes
A00312,Pradeep,Mehta,Male,Urban,ICSE,Yes,83,78,Yes
A00313,Riya,Mathew,Female,Rural,State,No,79,80,No
A00314,Kavya,D'Souza,Female,Urban,CBSE,Yes,63,61,No
A00315,Pradeep,Rao,Male,Rural,CBSE,Yes,78,70,Yes
A00316,Pooja,Khan,Female,Urban,CBSE,Yes,82,60,Yes
A00317,Neha,Mehta,Female,Urban,ICSE,Yes,78,74,No
A00318,Pooja,Verma,Female,Urban,State,Yes,87,91,Yes
A00319,Amit,Joshi,Male,Rural,CBSE,Yes,91,99,Yes
A00320,Karan,Fernandes,Male,Urban,State,Yes,69,70,No
A00321,Pooja,Ali,Female,Urban,State,Yes,57,50,Yes
A00322,Riya,Gupta,Female,Urban,State,Yes,70,73,No
A00323,Daniel,Joseph,Male,Rural,CBSE,Yes,59,59,No
A00324,Rohan,Ali,Male,Urban,CBSE,Yes,83,77,Yes
A00325,Sandeep,Ali,Male,Rural,CBSE,Yes,56,43,No
A00326,Rohan,Joseph,Male,Urban,State,No,81,85,Yes
A00327,Meera,Rahman,Female,Rural,CBSE,Yes,65,64,No
A00328,Daniel,Reddy,Male,Urban,CBSE,No,77,83,No
A00329,Lakshmi,Mehta,Female,Rural,State,Yes,62,62,No
A00330,Kavya,Mirza,Female,Rural,State,No,59,53,No
A00331,Fatima,Fernandes,Female,Rural,CBSE,No,68,65,No
A00332,Mary,Sharma,Female,Rural,ICSE,No,77,89,No
A00333,Amit,Iyer,Male,Urban,CBSE,No,76,71,Yes
A00334,Sneha,Thomas,Female,Rural,CBSE,No,61,56,No
A00335,Vikram,Reddy,Male,Rural,CBSE,No,78,73,No
A00336,Aisha,Rahman,Female,Urban,State,No,78,82,Yes
A00337,Pradeep,Patel,Male,Rural,State,Yes,77,72,Yes
A00338,Rekha,Verma,Female,Urban,ICSE,No,85,86,Yes
A00339,Amit,George,Male,Rural,ICSE,Yes,65,75,No
A00340,Fatima,Ali,Female,Urban,State,Yes,65,52,No
A00341,Divya,Thomas,Female,Urban,State,No,80,71,Yes
A00342,Anjali,Siddiqui,Female,Urban,State,Yes,67,67,Yes
A00343,Imran,Mathew,Male,Urban,ICSE,No,63,71,No
A00344,Imran,Ahmed,Male,Rural,CBSE,No,78,83,Yes
A00345,Joseph,Mirza,Male,Urban,ICSE,No,80,63,Yes
A00346,Vikram,Sheikh,Male,Urban,CBSE,Yes,76,79,Yes
A00347,Pradeep,Nair,Male,Urban,State,No,75,80,No
A00348,Sandeep,Khan,Male,Rural,State,No,43,46,No
A00349,Suresh,Mehta,Male,Urban,CBSE,No,75,73,No
A00350,Riya,Sharma,Female,Rural,State,Yes,80,80,No
A00351,Meera,Joseph,Female,Urban,State,No,90,74,No
A00352,Pooja,Mehta,Female,Urban,CBSE,Yes,74,79,Yes
A00353,Imran,Verma,Male,Urban,CBSE,No,72,60,No
A00354,Priya,D'Souza,Female,Urban,State,No,55,47,No
A00355,Anjali,Iyer,Female,Rural,CBSE,Yes,64,57,No
A00356,Anjali,Joshi,Female,Rural,CBSE,Yes,78,75,No
A00357,Priya,Hussain,Female,Urban,CBSE,Yes,88,93,Yes
A00358,Daniel,Hussain,Male,Urban,CBSE,No,69,64,No
A00359,Neha,Rao,Female,Urban,ICSE,No,77,69,No
A00360,Fatima,Gupta,Female,Urban,CBSE,No,78,96,Yes
A00361,Sarah,Mathew,Female,Urban,State,No,78,83,Yes
A00362,Divya,Gupta,Female,Rural,CBSE,No,66,67,No
A00363,Sneha,Ahmed,Female,Urban,State,No,73,67,No
A00364,Karan,Ali,Male,Rural,State,Yes,59,62,No
A00365,Pooja,Joshi,Female,Urban,State,Yes,59,58,No
A00366,Pooja,Reddy,Female,Urban,State,Yes,93,94,Yes
A00367,Manish,George,Male,Urban,State,Yes,79,72,Yes
A00368,Imran,George,Male,Urban,State,Yes,61,59,No
A00369,Rohan,Hussain,Male,Rural,ICSE,Yes,62,56,No
A00370,Aisha,Ahmed,Female,Urban,State,No,62,65,No
A00371,Ravi,Sheikh,Male,Urban,CBSE,Yes,85,83,Yes
A00372,Joseph,Thomas,Male,Urban,CBSE,No,70,66,No
A00373,Kavya,Iyer,Female,Rural,State,Yes,57,42,No
A00374,Karan,Sharma,Male,Rural,ICSE,No,56,62,No
A00375,Aditya,Verma,Male,Urban,CBSE,Yes,81,87,Yes
A00376,Riya,Joshi,Female,Urban,State,No,82,70,Yes
A00377,Rohan,Joshi,Male,Rural,CBSE,Yes,55,55,No
A00378,Riya,Rao,Female,Urban,State,Yes,63,61,Yes
A00379,Amit,Gupta,Male,Urban,CBSE,Yes,77,69,No
A00380,Karan,Joseph,Male,Urban,ICSE,No,78,72,Yes
A00381,Fatima,Verma,Female,Urban,State,Yes,75,74,Yes
A00382,Anjali,Joseph,Female,Rural,CBSE,Yes,74,83,Yes
A00383,Joseph,Siddiqui,Male,Rural,CBSE,No,50,59,No
A00384,Rohan,D'Souza,Male,Urban,State,Yes,68,66,No
A00385,Suresh,Joseph,Male,Urban,CBSE,Yes,60,62,No
A00386,Sandeep,Sheikh,Male,Rural,CBSE,Yes,84,83,No
A00387,Rekha,Rao,Female,Rural,ICSE,Yes,83,88,Yes
A00388,Rahul,Fernandes,Male,Rural,State,No,73,80,No
A00389,Divya,George,Female,Urban,ICSE,Yes,46,40,No
A00390,Riya,Joshi,Female,Urban,CBSE,No,71,65,Yes
A00391,Riya,D'Souza,Female,Urban,CBSE,No,80,74,No
A00392,Fatima,Ali,Female,Urban,CBSE,No,58,51,No
A00393,Rekha,Mehta,Female,Rural,State,No,60,61,No
A00394,Neha,Patel,Female,Urban,CBSE,Yes,92,96,Yes
A00395,Riya,Nair,Female,Rural,State,Yes,86,75,Yes
A00396,Rekha,Hussain,Female,Urban,State,Yes,80,63,Yes
A00397,Sandeep,Rao,Male,Rural,CBSE,Yes,88,83,No
A00398,Lakshmi,George,Female,Rural,CBSE,No,60,62,Yes
A00399,Meera,Sheikh,Female,Urban,CBSE,Yes,67,72,Yes
A00400,Rohan,Iyer,Male,Rural,State,Yes,69,61,No
A00401,Sneha,Rao,Female,Rural,State,Yes,82,74,No
A00402,Pradeep,Hussain,Male,Urban,CBSE,No,70,76,Yes
A00403,Rahul,Rao,Male,Urban,State,Yes,67,72,No
A00404,Pooja,Ali,Female,Rural,CBSE,Yes,65,63,Yes
A00405,Sarah,Mathew,Female,Rural,CBSE,No,63,70,Yes
A00406,Ravi,Ali,Male,Rural,CBSE,Yes,69,65,No
A00407,Mary,Sharma,Female,Rural,State,Yes,89,91,Yes
A00408,Fatima,Nair,Female,Rural,CBSE,Yes,64,62,No
A00409,Arjun,Nair,Male,Urban,CBSE,Yes,71,76,Yes
A00410,Sneha,Ahmed,Female,Rural,CBSE,No,75,75,Yes
A00411,Sunita,Mirza,Female,Urban,ICSE,Yes,94,98,Yes
A00412,Imran,Nair,Male,Urban,ICSE,Yes,78,78,No
A00413,Anjali,Verma,Female,Urban,State,Yes,72,76,No
A00414,Vikram,Mehta,Male,Urban,ICSE,Yes,52,40,Yes
A00415,Sneha,Siddiqui,Female,Urban,CBSE,No,64,56,No
A00416,Ravi,Verma,Male,Urban,ICSE,No,79,83,Yes
A00417,Vikram,Ahmed,Male,Rural,CBSE,No,75,73,Yes
A00418,Daniel,Khan,Male,Rural,State,Yes,65,51,No
A00419,Suresh,Mathew,Male,Urban,CBSE,Yes,60,63,Yes
A00420,Imran,Mathew,Male,Urban,CBSE,Yes,80,71,Yes
A00421,Pooja,Iyer,Female,Urban,CBSE,Yes,80,77,No
A00422,Rahul,Verma,Male,Urban,CBSE,Yes,91,85,Yes
A00423,Kavya,Rao,Female,Urban,CBSE,Yes,78,79,Yes
A00424,Joseph,Gupta,Male,Rural,CBSE,No,71,84,No
A00425,Karan,Rao,Male,Urban,ICSE,Yes,77,64,Yes
A00426,Manish,D'Souza,Male,Urban,CBSE,Yes,71,56,No
A00427,Daniel,Hussain,Male,Urban,ICSE,No,76,68,No
A00428,Sarah,Reddy,Female,Urban,State,Yes,74,68,No
A00429,Lakshmi,Ahmed,Female,Rural,ICSE,Yes,46,45,No
A00430,Sandeep,Joseph,Male,Urban,State,Yes,69,72,No
A00431,Sandeep,Ali,Male,Rural,State,Yes,86,74,No
A00432,Lakshmi,Sheikh,Female,Rural,State,Yes,54,47,No
A00433,Imran,Mathew,Male,Urban,CBSE,No,62,40,No
A00434,Aisha,Gupta,Female,Urban,CBSE,No,84,72,Yes
A00435,Sandeep,Khan,Male,Urban,State,Yes,58,53,No
A00436,Priya,Sheikh,Female,Rural,CBSE,Yes,68,74,No
A00437,Sneha,Sheikh,Female,Urban,State,No,66,63,No
A00438,Amit,George,Male,Urban,CBSE,Yes,76,65,Yes
A00439,Rahul,Sharma,Male,Rural,CBSE,No,83,62,No
A00440,Karan,Ali,Male,Rural,ICSE,Yes,99,94,Yes
A00441,Suresh,Hussain,Male,Urban,CBSE,Yes,81,87,No
A00442,Suresh,Ahmed,Male,Rural,CBSE,No,61,53,No
A00443,Aisha,Sharma,Female,Urban,State,Yes,74,69,No
A00444,Daniel,George,Male,Rural,State,Yes,82,84,No
A00445,Sandeep,Rao,Male,Urban,State,Yes,77,73,Yes
A00446,Priya,Gupta,Female,Urban,State,Yes,69,77,No
A00447,Sandeep,Joshi,Male,Urban,CBSE,Yes,60,44,No
A00448,Manish,Siddiqui,Male,Rural,CBSE,No,54,48,No
A00449,Vikram,Sheikh,Male,Urban,CBSE,Yes,71,79,Yes
A00450,Suresh,D'Souza,Male,Rural,ICSE,No,72,67,Yes
A00451,Neha,Verma,Female,Urban,ICSE,No,88,71,Yes
A00452,Anjali,Mathew,Female,Rural,State,No,72,74,No
A00453,Fatima,Mirza,Female,Rural,State,Yes,71,73,Yes
A00454,Vikram,Sheikh,Male,Urban,ICSE,No,90,96,No
A00455,Joseph,Verma,Male,Urban,State,Yes,70,64,No
A00456,Karan,George,Male,Urban,State,No,88,61,Yes
A00457,Arjun,Reddy,Male,Rural,ICSE,No,76,75,Yes
A00458,Aisha,Khan,Female,Urban,ICSE,No,74,61,No
A00459,Faisal,Rahman,Male,Urban,State,Yes,85,87,No
A00460,Pradeep,Nair,Male,Urban,CBSE,No,83,88,Yes
A00461,Karan,Gupta,Male,Urban,State,Yes,74,89,Yes
A00462,Daniel,Thomas,Male,Urban,CBSE,Yes,76,67,No
A00463,Pradeep,Mathew,Male,Urban,CBSE,Yes,62,66,No
A00464,Sunita,D'Souza,Female,Urban,State,Yes,46,41,No
A00465,Riya,Verma,Female,Urban,CBSE,No,68,59,No
A00466,Lakshmi,Rao,Female,Urban,State,Yes,94,99,Yes
A00467,Sunita,Iyer,Female,Urban,CBSE,No,69,68,No
A00468,Arjun,Thomas,Male,Urban,CBSE,No,77,73,Yes
A00469,Lakshmi,Mirza,Female,Rural,State,No,70,82,No
A00470,Kavya,Sharma,Female,Urban,State,No,58,61,No
A00471,Kavya,Rahman,Female,Urban,CBSE,Yes,78,84,Yes
A00472,Rahul,Iyer,Male,Urban,ICSE,Yes,62,57,No
A00473,Karan,Mirza,Male,Urban,State,No,71,69,Yes
A00474,Fatima,Hussain,Female,Urban,CBSE,Yes,75,60,No
A00475,Arjun,Khan,Male,Urban,State,No,78,73,No
A00476,Priya,Sheikh,Female,Urban,State,No,63,68,No
A00477,Sunita,Mirza,Female,Urban,CBSE,Yes,73,69,Yes
A00478,Mary,Joshi,Female,Urban,State,No,86,93,No
A00479,Manish,Nair,Male,Urban,CBSE,Yes,70,56,No
A00480,Sandeep,Sharma,Male,Urban,State,Yes,86,78,No
A00481,Riya,Hussain,Female,Urban,State,No,90,96,Yes
A00482,Sunita,Mehta,Female,Rural,State,No,59,63,No
A00483,Imran,Ahmed,Male,Rural,State,No,64,74,No
A00484,Arjun,Sheikh,Male,Urban,CBSE,No,67,57,Yes
A00485,Meera,Sharma,Female,Urban,State,Yes,64,64,No
A00486,Ravi,Verma,Male,Urban,CBSE,Yes,79,80,No
A00487,Rohan,Iyer,Male,Urban,State,Yes,78,88,No
A00488,Joseph,Nair,Male,Urban,ICSE,No,76,70,No
A00489,Aisha,Thomas,Female,Urban,State,No,76,80,Yes
A00490,Vikram,Hussain,Male,Rural,CBSE,No,56,70,No
A00491,Imran,Khan,Male,Urban,State,No,79,77,Yes
A00492,Priya,Reddy,Female,Urban,CBSE,Yes,80,77,No
A00493,Mary,Thomas,Female,Urban,CBSE,No,78,70,Yes
A00494,Lakshmi,Joshi,Female,Urban,CBSE,No,62,55,No
A00495,Sneha,Hussain,Female,Urban,ICSE,No,53,42,Yes
A00496,Ravi,Siddiqui,Male,Rural,CBSE,Yes,65,53,No
A00497,Amit,Rahman,Male,Rural,State,Yes,94,90,Yes
A00498,Kavya,Joshi,Female,Urban,ICSE,Yes,76,59,Yes
A00499,Daniel,Gupta,Male,Rural,CBSE,Yes,66,59,No
A00500,Pradeep,Patel,Male,Urban,CBSE,No,78,85,Yes
A00501,Karan,Reddy,Male,Rural,CBSE,No,69,76,No
A00502,Suresh,Sharma,Male,Rural,ICSE,No,78,72,Yes
A00503,Divya,Iyer,Female,Rural,CBSE,Yes,62,53,No
A00504,Aisha,Khan,Female,Urban,CBSE,Yes,72,71,No
A00505,Sarah,Rao,Female,Rural,State,Yes,83,85,Yes
A00506,Meera,Khan,Female,Urban,CBSE,Yes,81,73,Yes
A00507,Neha,Siddiqui,Female,Urban,State,Yes,60,55,Yes
A00508,Anjali,Iyer,Female,Urban,CBSE,Yes,57,56,No
A00509,Pradeep,Joseph,Male,Urban,CBSE,Yes,76,82,No
A00510,Sneha,Iyer,Female,Urban,State,No,65,56,Yes
A00511,Vikram,Nair,Male,Rural,State,Yes,99,99,Yes
A00512,Riya,D'Souza,Female,Rural,ICSE,No,85,74,Yes
A00513,Daniel,Ahmed,Male,Urban,State,No,66,67,No
A00514,Fatima,Gupta,Female,Urban,ICSE,No,61,59,Yes
A00515,Divya,Mirza,Female,Urban,CBSE,No,70,66,Yes
A00516,Daniel,Ali,Male,Urban,CBSE,No,89,75,Yes
A00517,Rekha,Reddy,Female,Rural,CBSE,Yes,97,90,Yes
A00518,Lakshmi,Khan,Female,Rural,CBSE,Yes,59,62,No
A00519,Neha,Reddy,Female,Urban,State,Yes,67,67,Yes
A00520,Mary,Sharma,Female,Rural,ICSE,No,61,62,No
A00521,Pooja,Thomas,Female,Urban,CBSE,Yes,60,60,No
A00522,Riya,Mathew,Female,Urban,CBSE,Yes,73,64,No
A00523,Sneha,Iyer,Female,Urban,CBSE,No,57,40,No
A00524,Aisha,Rahman,Female,Urban,State,No,82,70,No
A00525,Faisal,Rahman,Male,Rural,ICSE,No,55,64,No
A00526,Sunita,Sharma,Female,Urban,State,Yes,82,84,No
A00527,Pooja,Joshi,Female,Urban,State,No,62,42,No
A00528,Vikram,George,Male,Rural,ICSE,No,60,60,No
A00529,Karan,Mirza,Male,Urban,CBSE,Yes,85,93,Yes
A00530,Anjali,Mathew,Female,Rural,CBSE,No,87,95,No
A00531,Divya,Rao,Female,Rural,CBSE,No,66,57,No
A00532,Joseph,Rahman,Male,Rural,State,No,54,62,No
A00533,Suresh,Sheikh,Male,Rural,ICSE,Yes,98,94,Yes
A00534,Anjali,Gupta,Female,Rural,CBSE,No,72,66,No
A00535,Rohan,Joseph,Male,Rural,State,Yes,80,74,Yes
A00536,Rohan,Siddiqui,Male,Rural,CBSE,Yes,54,51,No
A00537,Manish,Joseph,Male,Urban,CBSE,Yes,83,84,No
A00538,Amit,Khan,Male,Urban,State,Yes,63,60,No
A00539,Rohan,Rao,Male,Urban,State,Yes,49,57,No
A00540,Pradeep,Hussain,Male,Urban,CBSE,No,66,61,No
A00541,Kavya,Ali,Female,Rural,ICSE,Yes,68,57,Yes
A00542,Faisal,Mirza,Male,Rural,CBSE,No,77,74,No
A00543,Joseph,Hussain,Male,Urban,State,Yes,68,61,Yes
A00544,Mary,Sharma,Female,Urban,State,Yes,76,80,No
A00545,Meera,Khan,Female,Urban,CBSE,Yes,66,68,Yes
A00546,Neha,Nair,Female,Urban,CBSE,Yes,51,51,No
A00547,Sneha,Thomas,Female,Urban,State,No,59,61,No
A00548,Amit,Sharma,Male,Urban,ICSE,Yes,82,74,Yes
A00549,Sandeep,Mehta,Male,Urban,State,No,70,63,Yes
A00550,Suresh,Sheikh,Male,Urban,CBSE,No,64,63,No
A00551,Rekha,Iyer,Female,Rural,State,No,72,64,No
A00552,Rekha,Rahman,Female,Urban,State,No,90,98,Yes
A00553,Karan,George,Male,Rural,State,No,78,89,Yes
A00554,Vikram,Iyer,Male,Urban,State,No,70,73,No
A00555,Rohan,Ahmed,Male,Rural,ICSE,No,53,40,No
A00556,Meera,Gupta,Female,Rural,ICSE,Yes,58,64,No
A00557,Lakshmi,Hussain,Female,Urban,CBSE,No,65,54,Yes
A00558,Manish,Sharma,Male,Urban,State,Yes,93,85,No
A00559,Lakshmi,Thomas,Female,Rural,CBSE,Yes,77,86,Yes
A00560,Vikram,Mehta,Male,Urban,State,Yes,90,89,Yes
A00561,Rohan,Gupta,Male,Urban,State,No,97,99,Yes
A00562,Anjali,Patel,Female,Urban,State,Yes,86,84,Yes
A00563,Amit,Thomas,Male,Urban,ICSE,Yes,57,57,No
A00564,Suresh,Mirza,Male,Urban,CBSE,Yes,78,78,Yes
A00565,Vikram,Mehta,Male,Urban,State,No,99,86,Yes
A00566,Sandeep,Iyer,Male,Urban,CBSE,No,89,83,No
A00567,Faisal,Iyer,Male,Rural,CBSE,Yes,60,71,No
A00568,Pradeep,Thomas,Male,Urban,CBSE,No,64,49,No
A00569,Joseph,Thomas,Male,Urban,CBSE,No,74,65,No
A00570,Mary,Mehta,Female,Urban,CBSE,No,57,61,No
A00571,Divya,Joshi,Female,Urban,CBSE,No,75,83,No
A00572,Priya,Patel,Female,Rural,CBSE,Yes,93,95,Yes
A00573,Ravi,Mirza,Male,Urban,CBSE,No,80,70,Yes
A00574,Sandeep,Khan,Male,Rural,CBSE,Yes,83,73,Yes
A00575,Riya,Verma,Female,Rural,State,No,67,66,No
A00576,Arjun,Mirza,Male,Rural,CBSE,No,66,56,Yes
A00577,Aisha,Hussain,Female,Rural,State,No,85,69,No
A00578,Vikram,Verma,Male,Rural,State,No,62,48,Yes
A00579,Rekha,Rao,Female,Urban,State,Yes,81,86,No
A00580,Pooja,Thomas,Female,Urban,CBSE,No,70,60,Yes
A00581,Lakshmi,Rahman,Female,Urban,State,Yes,59,57,No
A00582,Divya,Sheikh,Female,Rural,CBSE,Yes,66,57,Yes
A00583,Neha,Hussain,Female,Rural,CBSE,Yes,60,61,No
A00584,Priya,D'Souza,Female,Rural,CBSE,No,82,84,No
A00585,Arjun,Hussain,Male,Urban,ICSE,No,66,62,No
A00586,Rekha,Hussain,Female,Urban,CBSE,No,61,59,No
A00587,Faisal,Mathew,Male,Urban,CBSE,No,96,84,Yes
A00588,Kavya,Ali,Female,Urban,ICSE,Yes,92,96,Yes
A00589,Sarah,Ali,Female,Urban,CBSE,Yes,77,76,No
A00590,Rohan,Verma,Male,Rural,CBSE,Yes,70,63,Yes
A00591,Neha,Mirza,Female,Rural,ICSE,No,64,69,Yes
A00592,Arjun,Iyer,Male,Urban,CBSE,Yes,79,71,Yes
A00593,Lakshmi,Joseph,Female,Urban,CBSE,Yes,83,79,Yes
A00594,Rahul,Reddy,Male,Urban,CBSE,No,79,66,Yes
A00595,Rohan,Sharma,Male,Rural,ICSE,Yes,92,84,No
A00596,Meera,Iyer,Female,Urban,State,Yes,73,90,No
A00597,Arjun,George,Male,Rural,ICSE,No,86,90,Yes
A00598,Faisal,Sheikh,Male,Rural,State,Yes,69,57,No
A00599,Suresh,Mehta,Male,Rural,CBSE,Yes,82,83,Yes
A00600,Meera,Ahmed,Female,Rural,ICSE,No,81,72,No
A00601,Riya,Thomas,Female,Rural,CBSE,Yes,65,65,No
A00602,Daniel,Ali,Male,Rural,ICSE,Yes,89,89,Yes
A00603,Pradeep,Sharma,Male,Rural,State,Yes,85,96,Yes
A00604,Divya,Thomas,Female,Rural,CBSE,Yes,84,80,Yes
A00605,Rohan,Ahmed,Male,Urban,State,Yes,75,65,No
A00606,Fatima,Ali,Female,Urban,State,Yes,62,61,No
A00607,Divya,D'Souza,Female,Urban,ICSE,Yes,70,50,No
A00608,Fatima,Joseph,Female,Rural,CBSE,No,68,60,No
A00609,Karan,Khan,Male,Urban,CBSE,Yes,63,50,No
A00610,Imran,Sharma,Male,Rural,State,Yes,74,77,Yes
A00611,Fatima,Thomas,Female,Rural,State,No,72,58,No
A00612,Vikram,Mathew,Male,Rural,CBSE,Yes,63,52,No
A00613,Lakshmi,Ahmed,Female,Urban,ICSE,Yes,50,43,No
A00614,Faisal,Gupta,Male,Rural,ICSE,Yes,56,52,No
A00615,Imran,Patel,Male,Urban,State,No,78,61,No
A00616,Mary,Gupta,Female,Urban,State,No,65,69,No
A00617,Ravi,George,Male,Urban,State,Yes,81,93,Yes
A00618,Ravi,Mehta,Male,Urban,State,Yes,80,81,Yes
A00619,Neha,Sheikh,Female,Urban,CBSE,No,81,80,Yes
A00620,Sunita,Ali,Female,Urban,ICSE,No,64,64,No
A00621,Arjun,Joshi,Male,Rural,ICSE,No,59,60,Yes
A00622,Imran,Mathew,Male,Urban,ICSE,Yes,83,64,No
A00623,Sandeep,Thomas,Male,Rural,State,No,76,87,No
A00624,Anjali,Nair,Female,Urban,State,Yes,70,72,Yes
A00625,Riya,Ali,Female,Urban,CBSE,No,52,45,No
A00626,Karan,Rahman,Male,Urban,CBSE,Yes,78,86,Yes
A00627,Arjun,Mathew,Male,Urban,CBSE,No,53,49,No
A00628,Faisal,Joshi,Male,Rural,CBSE,Yes,67,61,No
A00629,Aditya,Thomas,Male,Rural,CBSE,Yes,69,63,No
A00630,Karan,Ali,Male,Rural,State,No,79,74,Yes
A00631,Daniel,Iyer,Male,Rural,CBSE,Yes,63,60,No
A00632,Sandeep,Ali,Male,Urban,CBSE,Yes,74,80,No
A00633,Arjun,Ahmed,Male,Urban,ICSE,Yes,89,87,Yes
A00634,Sneha,Ahmed,Female,Rural,CBSE,Yes,92,94,Yes
A00635,Joseph,Mathew,Male,Rural,CBSE,Yes,52,40,No
A00636,Faisal,Verma,Male,Urban,CBSE,Yes,72,67,No
A00637,Arjun,Fernandes,Male,Rural,State,Yes,66,55,No
A00638,Pooja,Joshi,Female,Rural,ICSE,Yes,79,79,No
A00639,Rahul,Patel,Male,Urban,State,Yes,72,77,Yes
A00640,Karan,Sharma,Male,Urban,ICSE,Yes,66,68,Yes
A00641,Divya,Thomas,Female,Rural,State,No,52,48,No
A00642,Arjun,Joshi,Male,Urban,State,No,60,48,No
A00643,Priya,Hussain,Female,Rural,ICSE,Yes,58,56,Yes
A00644,Karan,Patel,Male,Urban,State,No,97,91,Yes
A00645,Manish,Siddiqui,Male,Urban,State,No,61,45,No
A00646,Ravi,Sharma,Male,Urban,CBSE,Yes,75,59,No
A00647,Aisha,Ahmed,Female,Urban,CBSE,No,79,83,Yes
A00648,Neha,Hussain,Female,Urban,CBSE,Yes,69,52,No
A00649,Meera,Iyer,Female,Rural,CBSE,Yes,87,93,No
A00650,Ravi,Siddiqui,Male,Urban,CBSE,Yes,73,74,No
A00651,Rekha,Mathew,Female,Urban,State,Yes,83,90,No
A00652,Aisha,Thomas,Female,Urban,CBSE,Yes,62,64,No
A00653,Amit,Sharma,Male,Urban,State,Yes,51,52,No
A00654,Aditya,Ahmed,Male,Urban,ICSE,Yes,60,63,No
A00655,Meera,Mehta,Female,Urban,State,Yes,48,61,No
A00656,Pradeep,Sharma,Male,Urban,ICSE,No,72,71,No
A00657,Sandeep,Ali,Male,Rural,State,Yes,53,69,No
A00658,Aditya,Thomas,Male,Rural,ICSE,Yes,67,69,Yes
A00659,Anjali,Ali,Female,Rural,State,Yes,83,85,Yes
A00660,Pradeep,Gupta,Male,Urban,CBSE,Yes,57,58,No
A00661,Rohan,Rahman,Male,Urban,CBSE,No,76,61,No
A00662,Rekha,Nair,Female,Urban,CBSE,No,60,74,Yes
A00663,Aditya,Mehta,Male,Urban,CBSE,Yes,59,61,Yes
A00664,Kavya,Sharma,Female,Urban,ICSE,No,59,40,No
A00665,Sandeep,Gupta,Male,Rural,CBSE,Yes,44,40,No
A00666,Rahul,Mathew,Male,Rural,CBSE,Yes,67,72,No
A00667,Sneha,Patel,Female,Urban,State,Yes,66,54,No
A00668,Lakshmi,Mirza,Female,Rural,CBSE,Yes,73,59,Yes
A00669,Pradeep,Ahmed,Male,Urban,State,Yes,55,62,No
A00670,Aditya,Joshi,Male,Urban,State,Yes,71,71,No
A00671,Rohan,Joshi,Male,Urban,CBSE,Yes,67,74,Yes
A00672,Daniel,Joshi,Male,Rural,State,Yes,75,68,No
A00673,Divya,Fernandes,Female,Urban,CBSE,Yes,82,78,Yes
A00674,Rahul,Khan,Male,Urban,State,No,86,69,No
A00675,Meera,Reddy,Female,Rural,CBSE,No,75,77,No
A00676,Joseph,Joshi,Male,Urban,CBSE,Yes,80,66,Yes
A00677,Aditya,Khan,Male,Urban,State,No,92,90,Yes
A00678,Imran,Fernandes,Male,Urban,ICSE,No,63,76,No
A00679,Manish,Mathew,Male,Urban,State,No,84,72,Yes
A00680,Divya,Khan,Female,Rural,State,Yes,68,67,No
A00681,Pradeep,Rao,Male,Rural,ICSE,Yes,80,84,Yes
A00682,Arjun,George,Male,Rural,CBSE,No,60,47,No
A00683,Sandeep,Verma,Male,Urban,State,Yes,72,76,No
A00684,Aditya,Joseph,Male,Rural,CBSE,Yes,73,60,No
A00685,Arjun,Reddy,Male,Rural,CBSE,No,59,66,No
A00686,Vikram,Gupta,Male,Rural,ICSE,No,84,80,Yes
A00687,Aisha,Gupta,Female,Urban,CBSE,No,68,63,Yes
A00688,Suresh,Joseph,Male,Urban,State,No,65,52,No
A00689,Lakshmi,Patel,Female,Rural,State,Yes,65,57,No
A00690,Rahul,Verma,Male,Urban,CBSE,Yes,68,57,No
A00691,Neha,Reddy,Female,Urban,CBSE,Yes,79,80,No
A00692,Divya,Fernandes,Female,Rural,State,No,74,65,Yes
A00693,Pooja,Nair,Female,Urban,CBSE,Yes,71,62,Yes
A00694,Riya,Joshi,Female,Urban,ICSE,Yes,86,81,Yes
A00695,Anjali,Mirza,Female,Urban,State,No,76,79,No
A00696,Karan,Siddiqui,Male,Urban,CBSE,Yes,59,69,No
A00697,Faisal,Fernandes,Male,Urban,State,Yes,70,67,No
A00698,Meera,Nair,Female,Urban,CBSE,Yes,79,70,Yes
A00699,Amit,Sharma,Male,Urban,ICSE,No,69,77,No
A00700,Manish,Nair,Male,Rural,State,Yes,49,61,No
A00701,Fatima,Hussain,Female,Urban,State,Yes,82,70,No
A00702,Meera,D'Souza,Female,Urban,State,No,76,72,No
A00703,Manish,George,Male,Rural,CBSE,Yes,60,58,No
A00704,Imran,Patel,Male,Urban,ICSE,No,67,57,No
A00705,Rahul,Rao,Male,Urban,CBSE,No,58,48,No
A00706,Arjun,Mehta,Male,Urban,State,No,74,63,No
A00707,Riya,Rahman,Female,Urban,CBSE,No,71,62,Yes
A00708,Sneha,Rahman,Female,Rural,ICSE,Yes,65,70,No
A00709,Karan,Khan,Male,Urban,State,No,48,42,No
A00710,Rahul,Ali,Male,Rural,CBSE,No,83,84,No
A00711,Suresh,D'Souza,Male,Urban,State,No,84,73,Yes
A00712,Sandeep,Sharma,Male,Rural,CBSE,No,75,69,No
A00713,Imran,Patel,Male,Rural,State,Yes,72,58,No
A00714,Pradeep,Hussain,Male,Urban,CBSE,Yes,81,74,Yes
A00715,Amit,Mathew,Male,Urban,CBSE,No,75,83,Yes
A00716,Lakshmi,Mathew,Female,Rural,CBSE,Yes,99,99,Yes
A00717,Daniel,Patel,Male,Urban,State,No,63,62,Yes
A00718,Manish,Ahmed,Male,Urban,State,Yes,66,66,Yes
A00719,Imran,George,Male,Urban,State,No,86,78,No
A00720,Pradeep,Ahmed,Male,Urban,State,No,93,85,Yes
A00721,Faisal,Rao,Male,Urban,ICSE,Yes,73,69,No
A00722,Joseph,Hussain,Male,Urban,ICSE,Yes,73,69,No
A00723,Faisal,Patel,Male,Urban,CBSE,Yes,80,81,Yes
A00724,Amit,Verma,Male,Urban,CBSE,Yes,68,55,Yes
A00725,Daniel,Ahmed,Male,Urban,State,Yes,71,56,Yes
A00726,Imran,Joseph,Male,Rural,CBSE,Yes,75,77,No
A00727,Meera,Verma,Female,Urban,State,No,99,98,Yes
A00728,Vikram,Patel,Male,Urban,CBSE,Yes,89,86,No
A00729,Joseph,Khan,Male,Rural,CBSE,Yes,82,73,No
A00730,Manish,Ali,Male,Urban,CBSE,Yes,46,49,No
A00731,Meera,Mirza,Female,Urban,CBSE,No,70,59,No
A00732,Lakshmi,Siddiqui,Female,Rural,State,Yes,67,68,No
A00733,Sarah,Sharma,Female,Urban,State,Yes,76,78,Yes
A00734,Neha,Rahman,Female,Urban,CBSE,Yes,69,76,Yes
A00735,Neha,Iyer,Female,Urban,CBSE,Yes,82,73,Yes
A00736,Suresh,Hussain,Male,Rural,CBSE,No,83,85,No
A00737,Manish,Hussain,Male,Urban,CBSE,Yes,78,86,Yes
A00738,Rahul,Mathew,Male,Urban,ICSE,No,91,67,Yes
A00739,Meera,Sheikh,Female,Urban,State,Yes,69,72,No
A00740,Sneha,Mirza,Female,Rural,CBSE,Yes,65,67,No
A00741,Imran,Siddiqui,Male,Rural,CBSE,No,91,83,Yes
A00742,Aditya,Rahman,Male,Urban,CBSE,No,73,68,No
A00743,Vikram,Reddy,Male,Rural,ICSE,Yes,62,67,No
A00744,Lakshmi,Hussain,Female,Urban,State,Yes,78,91,No
A00745,Vikram,Siddiqui,Male,Rural,State,No,99,96,Yes
A00746,Joseph,Rao,Male,Urban,State,No,84,97,Yes
A00747,Sarah,D'Souza,Female,Urban,State,No,85,70,No
A00748,Vikram,Mirza,Male,Urban,ICSE,Yes,76,75,No
A00749,Sandeep,Patel,Male,Urban,State,Yes,89,70,Yes
A00750,Rohan,Nair,Male,Urban,CBSE,Yes,69,63,Yes
A00751,Meera,Ahmed,Female,Urban,CBSE,No,66,71,No
A00752,Suresh,Khan,Male,Rural,CBSE,No,71,63,No
A00753,Manish,Khan,Male,Urban,CBSE,No,96,86,Yes
A00754,Aditya,George,Male,Rural,State,Yes,70,67,No
A00755,Pooja,Reddy,Female,Rural,CBSE,No,66,66,No
A00756,Pooja,Thomas,Female,Urban,State,Yes,67,61,No
A00757,Lakshmi,Iyer,Female,Urban,CBSE,Yes,47,40,No
A00758,Faisal,D'Souza,Male,Urban,State,No,97,85,Yes
A00759,Karan,Siddiqui,Male,Urban,CBSE,Yes,74,73,No
A00760,Manish,Siddiqui,Male,Urban,ICSE,Yes,77,65,No
A00761,Faisal,Patel,Male,Urban,CBSE,No,89,90,Yes
A00762,Priya,George,Female,Rural,State,No,54,60,Yes
A00763,Neha,Reddy,Female,Urban,CBSE,Yes,67,73,No
A00764,Mary,Verma,Female,Rural,CBSE,No,50,40,No
A00765,Joseph,George,Male,Urban,CBSE,No,61,72,No
A00766,Pradeep,Mirza,Male,Urban,ICSE,No,62,65,No
A00767,Riya,Patel,Female,Urban,State,Yes,56,40,No
A00768,Sneha,Gupta,Female,Rural,State,Yes,81,79,No
A00769,Ravi,Patel,Male,Rural,State,Yes,82,80,No
A00770,Mary,Mathew,Female,Urban,CBSE,No,70,71,No
A00771,Ravi,D'Souza,Male,Rural,State,Yes,57,58,No
A00772,Meera,Rahman,Female,Urban,CBSE,Yes,71,64,No
A00773,Manish,Mirza,Male,Rural,CBSE,No,71,60,No
A00774,Karan,D'Souza,Male,Rural,CBSE,No,62,49,No
A00775,Rahul,George,Male,Urban,CBSE,No,65,62,No
A00776,Imran,Sheikh,Male,Urban,CBSE,No,48,54,No
A00777,Joseph,Mehta,Male,Urban,ICSE,Yes,70,74,Yes
A00778,Mary,Iyer,Female,Urban,CBSE,Yes,81,76,Yes
A00779,Mary,Fernandes,Female,Urban,State,No,57,55,No
A00780,Vikram,George,Male,Urban,State,Yes,92,78,Yes
A00781,Aditya,Mathew,Male,Rural,State,No,62,63,No
A00782,Imran,Patel,Male,Rural,State,Yes,84,74,Yes
A00783,Riya,Mathew,Female,Urban,State,Yes,77,87,No
A00784,Aditya,Ali,Male,Rural,State,Yes,70,57,No
A00785,Manish,Iyer,Male,Urban,CBSE,Yes,71,62,No
A00786,Joseph,Sheikh,Male,Urban,ICSE,Yes,71,80,Yes
A00787,Rohan,Mehta,Male,Urban,CBSE,No,67,63,No
A00788,Sunita,Mathew,Female,Urban,State,Yes,55,60,No
A00789,Manish,Mehta,Male,Urban,CBSE,Yes,78,82,No
A00790,Manish,Mathew,Male,Rural,CBSE,No,68,66,No
A00791,Suresh,Fernandes,Male,Urban,CBSE,No,66,49,No
A00792,Karan,Mirza,Male,Urban,CBSE,No,93,77,No
A00793,Divya,Siddiqui,Female,Urban,CBSE,Yes,66,69,Yes
A00794,Lakshmi,Reddy,Female,Urban,CBSE,No,58,62,No
A00795,Priya,Hussain,Female,Urban,State,Yes,61,59,No
A00796,Kavya,Fernandes,Female,Urban,ICSE,Yes,86,88,Yes
A00797,Suresh,Fernandes,Male,Rural,CBSE,No,63,63,No
A00798,Sandeep,Mirza,Male,Rural,CBSE,Yes,70,76,Yes
A00799,Anjali,Rahman,Female,Urban,CBSE,No,70,82,Yes
A00800,Riya,Sheikh,Female,Urban,State,Yes,85,71,Yes
A00801,Arjun,D'Souza,Male,Urban,State,No,43,42,No
A00802,Aditya,Ahmed,Male,Urban,ICSE,Yes,89,86,Yes
A00803,Fatima,Hussain,Female,Urban,CBSE,Yes,80,76,Yes
A00804,Fatima,George,Female,Urban,CBSE,Yes,51,64,No
A00805,Sandeep,Khan,Male,Urban,State,No,67,72,Yes
A00806,Sunita,Rao,Female,Urban,CBSE,Yes,79,83,Yes
A00807,Sarah,Rahman,Female,Rural,CBSE,Yes,76,72,Yes
A00808,Manish,Joseph,Male,Rural,State,Yes,73,84,No
A00809,Aisha,Hussain,Female,Urban,CBSE,Yes,58,62,No
A00810,Kavya,Mehta,Female,Rural,ICSE,No,67,50,No
A00811,Kavya,Siddiqui,Female,Urban,CBSE,Yes,90,91,Yes
A00812,Joseph,Verma,Male,Urban,CBSE,No,70,69,No
A00813,Priya,Thomas,Female,Rural,State,Yes,83,82,Yes
A00814,Anjali,Rahman,Female,Urban,State,Yes,61,57,Yes
A00815,Pooja,Gupta,Female,Rural,CBSE,No,73,81,No
A00816,Sunita,Ali,Female,Rural,CBSE,Yes,40,52,No
A00817,Sarah,George,Female,Urban,CBSE,Yes,65,64,No
A00818,Vikram,Rao,Male,Urban,CBSE,Yes,72,70,Yes
A00819,Ravi,Nair,Male,Urban,State,No,73,79,No
A00820,Pradeep,George,Male,Rural,ICSE,Yes,73,68,No
A00821,Arjun,Rao,Male,Rural,State,No,75,73,Yes
A00822,Sarah,Joseph,Female,Urban,CBSE,No,69,68,Yes
A00823,Neha,Thomas,Female,Urban,State,Yes,64,58,No
A00824,Joseph,Sheikh,Male,Rural,CBSE,No,57,40,No
A00825,Manish,Joseph,Male,Rural,CBSE,Yes,52,62,No
A00826,Pooja,Khan,Female,Rural,State,Yes,72,63,No
A00827,Fatima,Ali,Female,Rural,State,Yes,67,58,Yes
A00828,Aditya,George,Male,Urban,State,No,67,69,No
A00829,Arjun,Thomas,Male,Urban,CBSE,Yes,63,53,No
A00830,Daniel,Mirza,Male,Urban,CBSE,No,69,76,Yes
A00831,Karan,Reddy,Male,Urban,CBSE,No,72,75,Yes
A00832,Aditya,Gupta,Male,Urban,CBSE,Yes,65,66,No
A00833,Lakshmi,Nair,Female,Urban,ICSE,No,84,82,Yes
A00834,Sandeep,Hussain,Male,Urban,State,Yes,54,53,No
A00835,Daniel,Reddy,Male,Rural,ICSE,Yes,49,42,No
A00836,Suresh,Gupta,Male,Urban,State,Yes,75,87,Yes
A00837,Mary,Ali,Female,Urban,CBSE,Yes,67,63,Yes
A00838,Riya,Fernandes,Female,Rural,CBSE,No,76,64,No
A00839,Rekha,Joseph,Female,Urban,CBSE,Yes,68,62,No
A00840,Rohan,Gupta,Male,Urban,State,Yes,65,60,No
A00841,Joseph,Hussain,Male,Rural,ICSE,Yes,98,91,Yes
A00842,Joseph,Mathew,Male,Urban,State,No,71,69,Yes
A00843,Arjun,Siddiqui,Male,Rural,ICSE,No,65,62,No
A00844,Divya,Ahmed,Female,Urban,State,No,80,92,No
A00845,Faisal,Hussain,Male,Urban,State,No,61,59,No
A00846,Sarah,Gupta,Female,Urban,CBSE,Yes,92,94,Yes
A00847,Riya,Rao,Female,Urban,CBSE,Yes,59,47,No
A00848,Sandeep,Khan,Male,Rural,State,Yes,58,56,No
A00849,Divya,Verma,Female,Urban,ICSE,No,79,72,Yes
A00850,Lakshmi,Sharma,Female,Urban,State,Yes,79,64,No
A00851,Divya,Joshi,Female,Urban,ICSE,Yes,52,45,No
A00852,Daniel,Verma,Male,Urban,CBSE,Yes,88,81,Yes
A00853,Sunita,Thomas,Female,Urban,State,No,63,54,Yes
A00854,Rahul,Mehta,Male,Urban,CBSE,No,70,60,No
A00855,Manish,Khan,Male,Urban,CBSE,Yes,90,78,Yes
A00856,Sunita,Mathew,Female,Rural,State,Yes,83,80,No
A00857,Neha,Rahman,Female,Urban,ICSE,No,80,73,Yes
A00858,Rekha,Sheikh,Female,Rural,CBSE,Yes,87,81,Yes
A00859,Sarah,Nair,Female,Rural,CBSE,Yes,81,87,Yes
A00860,Amit,Nair,Male,Urban,CBSE,No,79,77,Yes
A00861,Joseph,Mirza,Male,Rural,State,Yes,54,57,No
A00862,Daniel,Patel,Male,Urban,CBSE,Yes,68,65,No
A00863,Ravi,Hussain,Male,Urban,CBSE,Yes,63,52,No
A00864,Joseph,Joshi,Male,Urban,ICSE,No,81,62,Yes
A00865,Anjali,Hussain,Female,Rural,State,Yes,60,55,No
A00866,Meera,Siddiqui,Female,Rural,State,Yes,74,77,No
A00867,Anjali,Iyer,Female,Urban,ICSE,Yes,71,70,Yes
A00868,Priya,Ali,Female,Urban,State,No,71,68,No
A00869,Divya,Khan,Female,Urban,State,Yes,78,81,Yes
A00870,Pradeep,George,Male,Rural,CBSE,Yes,80,75,No
A00871,Aisha,Siddiqui,Female,Urban,State,Yes,83,88,No
A00872,Priya,Mehta,Female,Urban,CBSE,Yes,85,94,Yes
A00873,Meera,Nair,Female,Rural,CBSE,No,48,48,No
A00874,Sunita,Siddiqui,Female,Urban,State,Yes,66,44,Yes
A00875,Vikram,Rahman,Male,Urban,State,No,69,60,No
A00876,Amit,D'Souza,Male,Rural,State,Yes,57,56,No
A00877,Rekha,Rao,Female,Rural,State,Yes,77,80,Yes
A00878,Aditya,Rahman,Male,Rural,ICSE,Yes,73,71,Yes
A00879,Arjun,Rahman,Male,Urban,CBSE,No,78,84,Yes
A00880,Arjun,Iyer,Male,Rural,State,No,91,89,Yes
A00881,Manish,Patel,Male,Urban,ICSE,No,61,48,Yes
A00882,Lakshmi,Sheikh,Female,Urban,ICSE,No,77,75,Yes
A00883,Sunita,Mehta,Female,Urban,State,Yes,71,66,No
A00884,Aisha,Mathew,Female,Urban,State,Yes,99,98,Yes
A00885,Sandeep,George,Male,Urban,CBSE,No,75,73,Yes
A00886,Ravi,Fernandes,Male,Urban,CBSE,Yes,70,79,Yes
A00887,Sunita,Sharma,Female,Urban,CBSE,Yes,57,59,No
A00888,Karan,Sharma,Male,Urban,CBSE,Yes,94,96,Yes
A00889,Sarah,Iyer,Female,Urban,State,No,71,69,Yes
A00890,Divya,Rahman,Female,Urban,ICSE,No,83,86,No
A00891,Mary,Gupta,Female,Urban,State,No,68,63,No
A00892,Sunita,Khan,Female,Rural,ICSE,No,88,95,Yes
A00893,Ravi,Joshi,Male,Urban,CBSE,Yes,60,52,No
A00894,Neha,Nair,Female,Rural,State,No,88,79,Yes
A00895,Meera,George,Female,Rural,ICSE,No,71,74,Yes
A00896,Mary,Nair,Female,Urban,ICSE,Yes,52,40,No
A00897,Joseph,George,Male,Rural,CBSE,Yes,70,65,Yes
A00898,Anjali,Joshi,Female,Urban,ICSE,Yes,69,73,No
A00899,Rohan,Joseph,Male,Urban,CBSE,Yes,61,54,No
A00900,Daniel,Iyer,Male,Urban,CBSE,Yes,75,60,Yes
A00901,Karan,Verma,Male,Urban,State,Yes,67,63,No
A00902,Anjali,Gupta,Female,Rural,CBSE,Yes,77,73,Yes
A00903,Lakshmi,Nair,Female,Rural,CBSE,No,64,71,No
A00904,Sneha,Mirza,Female,Urban,State,No,74,79,No
A00905,Sunita,Nair,Female,Urban,ICSE,No,87,67,Yes
A00906,Daniel,Thomas,Male,Urban,State,No,73,67,Yes
A00907,Priya,Reddy,Female,Urban,State,Yes,65,75,Yes
A00908,Rohan,Mathew,Male,Urban,State,Yes,99,99,Yes
A00909,Ravi,Sheikh,Male,Urban,State,Yes,80,85,Yes
A00910,Mary,Khan,Female,Urban,State,No,68,77,Yes
A00911,Pooja,Mathew,Female,Rural,CBSE,Yes,92,85,Yes
A00912,Divya,Nair,Female,Rural,State,Yes,82,80,Yes
A00913,Neha,George,Female,Urban,ICSE,Yes,74,80,Yes
A00914,Kavya,Joshi,Female,Urban,State,Yes,62,69,No
A00915,Rahul,Joshi,Male,Urban,CBSE,Yes,68,74,Yes
A00916,Sarah,Rao,Female,Rural,ICSE,Yes,72,72,No
A00917,Karan,Joshi,Male,Rural,CBSE,No,66,64,No
A00918,Pradeep,Verma,Male,Rural,State,Yes,75,72,Yes
A00919,Aisha,Khan,Female,Urban,CBSE,No,84,94,No
A00920,Sandeep,Mirza,Male,Rural,CBSE,Yes,56,52,No
A00921,Sarah,Sharma,Female,Urban,State,No,60,76,No
A00922,Rekha,Gupta,Female,Urban,ICSE,No,53,66,No
A00923,Sandeep,Reddy,Male,Rural,State,Yes,70,73,No
A00924,Daniel,Iyer,Male,Rural,CBSE,No,60,56,No
A00925,Imran,Iyer,Male,Urban,State,Yes,81,76,Yes
A00926,Joseph,Mirza,Male,Rural,State,Yes,48,51,No
A00927,Meera,Sharma,Female,Rural,ICSE,No,67,62,Yes
A00928,Daniel,Mathew,Male,Urban,CBSE,Yes,85,95,Yes
A00929,Divya,Verma,Female,Urban,State,Yes,93,99,Yes
A00930,Pradeep,George,Male,Urban,CBSE,Yes,60,40,No
A00931,Faisal,Joseph,Male,Urban,ICSE,Yes,59,62,No
A00932,Rahul,Mirza,Male,Urban,ICSE,Yes,49,48,No
A00933,Kavya,Thomas,Female,Rural,State,Yes,63,54,No
A00934,Ravi,Mirza,Male,Urban,State,No,80,76,No
A00935,Sarah,Gupta,Female,Rural,CBSE,Yes,60,55,No
A00936,Pradeep,Mehta,Male,Urban,State,Yes,59,56,No
A00937,Mary,Rahman,Female,Rural,CBSE,Yes,61,62,No
A00938,Joseph,Rao,Male,Rural,CBSE,No,45,42,No
A00939,Karan,Sharma,Male,Rural,CBSE,Yes,84,79,No
A00940,Pradeep,George,Male,Urban,State,Yes,75,80,No
A00941,Rahul,Sheikh,Male,Urban,CBSE,Yes,85,95,Yes
A00942,Pooja,Ahmed,Female,Rural,CBSE,Yes,49,40,No
A00943,Anjali,Thomas,Female,Urban,State,No,59,53,No
A00944,Pradeep,Iyer,Male,Urban,CBSE,Yes,78,89,Yes
A00945,Rohan,Sharma,Male,Urban,CBSE,Yes,77,80,No
A00946,Rekha,George,Female,Rural,CBSE,Yes,44,40,No
A00947,Meera,Ali,Female,Urban,State,No,62,67,No
A00948,Imran,Iyer,Male,Urban,CBSE,Yes,78,76,Yes
A00949,Suresh,Verma,Male,Urban,State,Yes,89,70,Yes
A00950,Faisal,Mirza,Male,Urban,CBSE,Yes,92,82,Yes
A00951,Priya,Khan,Female,Urban,CBSE,Yes,66,62,Yes
A00952,Rekha,Mirza,Female,Urban,State,Yes,60,51,No
A00953,Vikram,Khan,Male,Urban,CBSE,Yes,51,44,No
A00954,Karan,Sharma,Male,Urban,State,Yes,63,58,No
A00955,Vikram,Joshi,Male,Rural,CBSE,Yes,66,68,Yes
A00956,Kavya,Siddiqui,Female,Urban,CBSE,No,57,44,No
A00957,Riya,Thomas,Female,Urban,CBSE,Yes,69,85,No
A00958,Kavya,Gupta,Female,Rural,State,No,69,51,No
A00959,Pooja,Nair,Female,Rural,CBSE,Yes,73,64,No
A00960,Vikram,Mehta,Male,Urban,State,Yes,90,98,No
A00961,Aisha,Sharma,Female,Rural,CBSE,Yes,69,62,No
A00962,Arjun,Nair,Male,Urban,CBSE,Yes,91,89,Yes
A00963,Lakshmi,Hussain,Female,Urban,State,Yes,67,64,Yes
A00964,Faisal,Ali,Male,Urban,ICSE,No,78,81,No
A00965,Anjali,Hussain,Female,Rural,CBSE,Yes,85,82,Yes
A00966,Sunita,Sharma,Female,Urban,CBSE,No,68,58,No
A00967,Sneha,Reddy,Female,Rural,CBSE,Yes,83,81,Yes
A00968,Ravi,Ahmed,Male,Urban,CBSE,No,85,85,No
A00969,Rohan,Patel,Male,Urban,ICSE,Yes,65,70,Yes
A00970,Joseph,Verma,Male,Urban,CBSE,Yes,44,49,No
A00971,Lakshmi,Joseph,Female,Urban,State,No,57,54,No
A00972,Riya,Ali,Female,Rural,CBSE,Yes,88,77,Yes
A00973,Pradeep,Joshi,Male,Rural,CBSE,No,53,42,No
A00974,Sunita,Mirza,Female,Urban,State,Yes,86,91,Yes
A00975,Rohan,Mehta,Male,Urban,CBSE,Yes,70,71,No
A00976,Daniel,Hussain,Male,Urban,CBSE,No,54,50,No
A00977,Mary,Ahmed,Female,Rural,CBSE,No,54,53,No
A00978,Sarah,Joshi,Female,Rural,State,No,65,74,No
A00979,Joseph,Ahmed,Male,Urban,CBSE,Yes,71,59,No
A00980,Ravi,Rao,Male,Rural,State,No,69,62,No
A00981,Pooja,Rao,Female,Rural,State,No,78,69,Yes
A00982,Pooja,Rahman,Female,Rural,CBSE,Yes,87,91,No
A00983,Fatima,D'Souza,Female,Urban,CBSE,No,82,76,No
A00984,Faisal,Ahmed,Male,Urban,CBSE,No,78,68,Yes
A00985,Kavya,Ali,Female,Urban,CBSE,No,57,49,No
A00986,Manish,Ali,Male,Urban,CBSE,No,67,56,Yes
A00987,Imran,Ahmed,Male,Urban,State,Yes,70,62,Yes
A00988,Kavya,Mathew,Female,Urban,CBSE,No,66,61,No
A00989,Anjali,Khan,Female,Urban,State,Yes,75,73,Yes
A00990,Kavya,Thomas,Female,Rural,CBSE,No,60,61,No
A00991,Manish,Mehta,Male,Rural,State,No,97,99,Yes
A00992,Karan,Joseph,Male,Rural,ICSE,Yes,94,89,Yes
A00993,Lakshmi,Rahman,Female,Urban,State,Yes,88,90,Yes
A00994,Ravi,Joseph,Male,Urban,State,No,99,89,Yes
A00995,Karan,Iyer,Male,Rural,State,Yes,76,77,Yes
A00996,Lakshmi,Nair,Female,Urban,CBSE,No,58,46,No
A00997,Daniel,Mehta,Male,Rural,State,Yes,73,80,Yes
A00998,Sneha,Sheikh,Female,Rural,CBSE,Yes,72,75,No
A00999,Sandeep,Thomas,Male,Urban,CBSE,No,47,41,No
A01000,Ravi,Gupta,Male,Urban,State,Yes,57,49,No
A01001,Rahul,Reddy,Male,Urban,State,Yes,71,75,No
A01002,Riya,Mathew,Female,Urban,State,No,66,65,No
A01003,Suresh,Joshi,Male,Urban,CBSE,Yes,71,67,No
A01004,Imran,Khan,Male,Rural,ICSE,No,64,49,No
A01005,Neha,Rahman,Female,Urban,State,Yes,85,78,Yes
A01006,Manish,Ali,Male,Rural,ICSE,Yes,80,89,Yes
A01007,Divya,Iyer,Female,Urban,ICSE,Yes,74,67,Yes
A01008,Rekha,Hussain,Female,Rural,State,No,74,66,No
A01009,Mary,Ahmed,Female,Urban,State,No,71,77,No
A01010,Pradeep,Thomas,Male,Urban,CBSE,No,90,88,Yes
A01011,Lakshmi,Joseph,Female,Urban,CBSE,Yes,61,66,No
A01012,Amit,Sharma,Male,Rural,ICSE,Yes,74,71,No
A01013,Neha,Joseph,Female,Urban,State,Yes,42,44,No
A01014,Aditya,Verma,Male,Rural,State,Yes,74,76,Yes
A01015,Sarah,Nair,Female,Urban,CBSE,Yes,74,74,Yes
A01016,Suresh,Iyer,Male,Urban,CBSE,No,54,56,No
A01017,Divya,Joseph,Female,Urban,CBSE,No,70,60,Yes
A01018,Priya,Ahmed,Female,Rural,CBSE,Yes,67,74,Yes
A01019,Daniel,Reddy,Male,Urban,CBSE,Yes,85,83,Yes
A01020,Karan,Mathew,Male,Rural,CBSE,No,75,78,Yes
A01021,Fatima,Rao,Female,Rural,CBSE,Yes,81,84,No
A01022,Priya,Fernandes,Female,Urban,CBSE,Yes,88,96,No
A01023,Rekha,Mathew,Female,Rural,CBSE,Yes,83,81,No
A01024,Arjun,Ali,Male,Urban,CBSE,No,90,88,Yes
A01025,Mary,Siddiqui,Female,Urban,CBSE,No,61,59,No
A01026,Rahul,Mirza,Male,Urban,CBSE,Yes,65,68,Yes
A01027,Meera,Fernandes,Female,Urban,State,Yes,70,62,Yes
A01028,Imran,Ahmed,Male,Urban,CBSE,Yes,54,40,No
A01029,Amit,Hussain,Male,Rural,State,Yes,89,80,No
A01030,Aisha,Rahman,Female,Rural,CBSE,Yes,77,71,Yes
A01031,Sneha,Gupta,Female,Rural,State,No,64,73,No
A01032,Rahul,Ali,Male,Urban,CBSE,Yes,69,66,Yes
A01033,Faisal,Siddiqui,Male,Rural,ICSE,No,66,61,No
A01034,Suresh,Iyer,Male,Urban,State,Yes,82,78,No
A01035,Faisal,Fernandes,Male,Rural,CBSE,No,64,68,No
A01036,Vikram,Gupta,Male,Rural,State,No,74,66,No
A01037,Sunita,Sheikh,Female,Rural,CBSE,Yes,73,58,Yes
A01038,Faisal,Mirza,Male,Urban,State,Yes,73,54,No
A01039,Neha,Gupta,Female,Rural,CBSE,No,62,55,Yes
A01040,Manish,Hussain,Male,Urban,State,Yes,56,53,No
A01041,Riya,Sharma,Female,Rural,State,Yes,88,78,No
A01042,Rekha,D'Souza,Female,Rural,State,Yes,92,99,Yes
A01043,Rohan,Joshi,Male,Urban,State,No,85,74,No
A01044,Faisal,Mathew,Male,Rural,State,No,57,54,Yes
A01045,Fatima,Joshi,Female,Rural,ICSE,No,96,99,Yes
A01046,Rekha,Joshi,Female,Urban,CBSE,No,55,43,No
A01047,Fatima,Khan,Female,Urban,State,No,79,71,Yes
A01048,Sunita,Ali,Female,Urban,State,No,83,89,No
A01049,Sandeep,Nair,Male,Rural,State,No,81,84,No
A01050,Riya,Khan,Female,Urban,State,Yes,63,56,No
A01051,Anjali,Hussain,Female,Rural,State,Yes,59,61,No
A01052,Sandeep,Thomas,Male,Urban,CBSE,No,60,55,No
A01053,Divya,Nair,Female,Rural,ICSE,No,81,99,No
A01054,Ravi,Hussain,Male,Rural,CBSE,No,66,60,No
A01055,Priya,Rahman,Female,Urban,CBSE,No,76,78,No
A01056,Arjun,Joshi,Male,Rural,CBSE,No,56,70,No
A01057,Neha,Joshi,Female,Urban,State,Yes,81,66,Yes
A01058,Sandeep,Khan,Male,Rural,State,No,69,75,Yes
A01059,Divya,Iyer,Female,Rural,CBSE,Yes,83,84,No
A01060,Riya,George,Female,Urban,CBSE,No,75,72,No
A01061,Daniel,Gupta,Male,Urban,CBSE,Yes,61,76,No
A01062,Rekha,Ali,Female,Urban,CBSE,Yes,72,81,Yes
A01063,Rekha,Thomas,Female,Rural,State,No,66,71,No
A01064,Neha,Iyer,Female,Rural,ICSE,Yes,71,67,Yes
A01065,Faisal,Joshi,Male,Rural,State,Yes,59,73,No
A01066,Daniel,Rao,Male,Rural,CBSE,Yes,57,55,No
A01067,Amit,Joshi,Male,Rural,ICSE,No,78,87,Yes
A01068,Meera,Verma,Female,Urban,CBSE,No,72,80,No
A01069,Pooja,Sheikh,Female,Rural,ICSE,Yes,69,62,No
A01070,Imran,Thomas,Male,Urban,CBSE,No,88,88,No
A01071,Vikram,Khan,Male,Rural,CBSE,Yes,64,59,No
A01072,Daniel,Fernandes,Male,Urban,CBSE,Yes,73,73,No
A01073,Riya,D'Souza,Female,Rural,State,Yes,59,51,No
A01074,Pooja,Gupta,Female,Urban,CBSE,Yes,78,78,Yes
A01075,Pooja,Iyer,Female,Urban,State,Yes,69,75,Yes
A01076,Imran,Rahman,Male,Rural,ICSE,Yes,79,85,Yes
A01077,Karan,Reddy,Male,Rural,ICSE,No,70,47,No
A01078,Rohan,Nair,Male,Urban,State,Yes,66,61,No
A01079,Arjun,D'Souza,Male,Urban,State,Yes,51,55,No
A01080,Manish,Khan,Male,Urban,ICSE,Yes,63,62,No
A01081,Fatima,Sharma,Female,Urban,State,No,70,74,No
A01082,Anjali,Sheikh,Female,Urban,State,Yes,48,40,No
A01083,Joseph,Mirza,Male,Urban,ICSE,Yes,97,93,Yes
A01084,Joseph,Mehta,Male,Urban,CBSE,Yes,75,70,No
A01085,Imran,Ali,Male,Rural,CBSE,Yes,73,67,No
A01086,Lakshmi,Nair,Female,Rural,State,Yes,69,69,No
A01087,Aditya,Reddy,Male,Rural,State,Yes,68,60,No
A01088,Sneha,Ali,Female,Rural,CBSE,No,87,83,Yes
A01089,Ravi,Sharma,Male,Rural,CBSE,Yes,52,48,No
A01090,Kavya,Ahmed,Female,Urban,ICSE,No,71,66,No
A01091,Sandeep,Joshi,Male,Urban,ICSE,Yes,61,61,No
A01092,Aisha,Sheikh,Female,Urban,CBSE,No,94,99,Yes
A01093,Pradeep,Verma,Male,Rural,ICSE,No,79,77,Yes
A01094,Suresh,D'Souza,Male,Urban,State,No,74,84,Yes
A01095,Rahul,Fernandes,Male,Rural,ICSE,No,75,64,No
A01096,Mary,Joseph,Female,Urban,ICSE,Yes,95,75,Yes
A01097,Rahul,Ahmed,Male,Urban,State,No,72,63,No
A01098,Vikram,Ali,Male,Urban,CBSE,No,68,66,No
A01099,Sarah,Patel,Female,Rural,State,Yes,99,88,Yes
A01100,Meera,Ali,Female,Rural,State,No,57,58,No
A01101,Priya,Mirza,Female,Urban,ICSE,Yes,74,65,No
A01102,Aisha,Fernandes,Female,Rural,ICSE,Yes,69,77,No
A01103,Imran,Mirza,Male,Urban,CBSE,Yes,66,68,No
A01104,Meera,Rao,Female,Urban,CBSE,Yes,79,83,No
A01105,Aditya,Patel,Male,Rural,CBSE,No,59,65,Yes
A01106,Meera,Thomas,Female,Urban,ICSE,Yes,82,79,Yes
A01107,Sandeep,Ahmed,Male,Rural,CBSE,Yes,77,89,Yes
A01108,Fatima,George,Female,Rural,ICSE,No,78,77,No
A01109,Karan,Ahmed,Male,Urban,State,No,79,82,Yes
A01110,Neha,D'Souza,Female,Urban,State,Yes,78,60,No
A01111,Vikram,Nair,Male,Urban,State,No,59,54,No
A01112,Sandeep,Hussain,Male,Rural,ICSE,Yes,71,78,No
A01113,Manish,Sheikh,Male,Urban,CBSE,Yes,81,80,No
A01114,Neha,Sheikh,Female,Urban,State,Yes,84,77,Yes
A01115,Sunita,Rahman,Female,Urban,CBSE,Yes,87,75,No
A01116,Arjun,Gupta,Male,Rural,State,Yes,99,87,No
A01117,Arjun,George,Male,Urban,State,Yes,55,56,Yes
A01118,Divya,Mehta,Female,Urban,CBSE,No,89,96,No
A01119,Suresh,Rahman,Male,Urban,CBSE,No,68,69,No
A01120,Meera,Siddiqui,Female,Rural,CBSE,Yes,93,83,Yes
A01121,Sunita,Sharma,Female,Rural,CBSE,Yes,82,81,Yes
A01122,Karan,George,Male,Urban,State,Yes,72,75,Yes
A01123,Rekha,Patel,Female,Urban,State,Yes,64,77,No
A01124,Vikram,Gupta,Male,Urban,CBSE,Yes,86,84,Yes
A01125,Anjali,Ali,Female,Urban,CBSE,No,58,69,No
A01126,Sandeep,Ahmed,Male,Urban,State,Yes,69,66,No
A01127,Neha,Khan,Female,Urban,State,No,57,53,No
A01128,Imran,Fernandes,Male,Urban,ICSE,No,61,57,No
A01129,Aisha,Hussain,Female,Rural,CBSE,Yes,79,79,No
A01130,Sunita,Patel,Female,Rural,State,Yes,71,51,Yes
A01131,Joseph,Mirza,Male,Urban,CBSE,No,90,82,Yes
A01132,Imran,Reddy,Male,Urban,ICSE,No,91,87,Yes
A01133,Pradeep,Hussain,Male,Urban,State,Yes,89,93,Yes
A01134,Riya,Joshi,Female,Urban,State,No,72,47,No
A01135,Sandeep,Khan,Male,Rural,CBSE,No,86,94,No
A01136,Rohan,Verma,Male,Urban,CBSE,Yes,68,57,Yes
A01137,Ravi,Joshi,Male,Rural,State,Yes,51,44,No
A01138,Priya,Nair,Female,Rural,State,Yes,70,63,Yes
A01139,Daniel,Mirza,Male,Urban,State,No,93,89,No
A01140,Anjali,Nair,Female,Urban,CBSE,No,43,40,No
A01141,Aisha,Ali,Female,Rural,ICSE,Yes,91,69,Yes
A01142,Aisha,Mehta,Female,Urban,State,Yes,65,54,Yes
A01143,Rahul,Fernandes,Male,Rural,State,Yes,61,57,No
A01144,Sunita,Sharma,Female,Urban,State,No,73,82,No
A01145,Fatima,Reddy,Female,Urban,CBSE,Yes,61,50,Yes
A01146,Rohan,Joshi,Male,Rural,CBSE,Yes,68,60,No
A01147,Joseph,Iyer,Male,Urban,CBSE,Yes,64,57,No
A01148,Sneha,Verma,Female,Urban,CBSE,Yes,75,68,Yes
A01149,Mary,Ali,Female,Urban,CBSE,No,57,55,No
A01150,Lakshmi,Ahmed,Female,Urban,State,Yes,66,54,No
A01151,Pradeep,Khan,Male,Urban,State,Yes,54,64,No
A01152,Lakshmi,Iyer,Female,Urban,State,Yes,68,73,No
A01153,Sneha,Siddiqui,Female,Urban,CBSE,Yes,64,74,No
A01154,Rohan,Hussain,Male,Rural,State,No,51,48,No
A01155,Kavya,Patel,Female,Urban,State,Yes,77,68,Yes
A01156,Karan,Verma,Male,Rural,CBSE,No,83,89,No
A01157,Sunita,Rao,Female,Urban,State,Yes,70,70,No
A01158,Sandeep,Reddy,Male,Rural,CBSE,Yes,96,93,Yes
A01159,Neha,D'Souza,Female,Urban,State,Yes,58,44,Yes
A01160,Rahul,George,Male,Urban,ICSE,Yes,68,54,Yes
A01161,Anjali,George,Female,Urban,State,Yes,76,72,No
A01162,Pooja,Khan,Female,Urban,CBSE,Yes,47,40,No
A01163,Suresh,Mathew,Male,Rural,State,Yes,60,57,Yes
A01164,Daniel,George,Male,Urban,ICSE,Yes,83,85,Yes
A01165,Aditya,Iyer,Male,Urban,CBSE,Yes,69,61,Yes
A01166,Vikram,Nair,Male,Urban,CBSE,Yes,50,40,No
A01167,Sneha,D'Souza,Female,Urban,CBSE,No,75,76,No
A01168,Anjali,Mirza,Female,Urban,State,Yes,59,63,No
A01169,Ravi,Iyer,Male,Urban,CBSE,No,68,67,Yes
A01170,Sneha,Rahman,Female,Urban,State,Yes,57,51,No
A01171,Rekha,Nair,Female,Urban,State,Yes,72,75,Yes
A01172,Riya,Mehta,Female,Rural,CBSE,Yes,85,84,Yes
A01173,Joseph,Ahmed,Male,Urban,State,Yes,72,65,No
A01174,Pooja,Joshi,Female,Urban,CBSE,No,74,73,Yes
A01175,Vikram,Patel,Male,Rural,State,No,73,64,No
A01176,Priya,Rao,Female,Rural,ICSE,Yes,72,67,Yes
A01177,Arjun,Ahmed,Male,Urban,CBSE,No,92,74,Yes
A01178,Pooja,Joshi,Female,Urban,ICSE,Yes,86,91,Yes
A01179,Arjun,D'Souza,Male,Urban,State,Yes,83,83,Yes
A01180,Amit,Sharma,Male,Rural,CBSE,No,73,64,No
A01181,Divya,Fernandes,Female,Rural,CBSE,Yes,71,68,No
A01182,Imran,Siddiqui,Male,Rural,CBSE,Yes,90,83,Yes
A01183,Kavya,Rao,Female,Urban,CBSE,Yes,69,67,Yes
A01184,Rahul,Joshi,Male,Urban,ICSE,No,58,53,No
A01185,Divya,Iyer,Female,Rural,ICSE,Yes,67,57,No
A01186,Daniel,Sheikh,Male,Rural,CBSE,Yes,53,52,No
A01187,Vikram,Iyer,Male,Urban,CBSE,Yes,67,69,No
A01188,Aditya,Mehta,Male,Urban,CBSE,Yes,87,93,Yes
A01189,Ravi,Reddy,Male,Urban,State,No,64,45,Yes
A01190,Kavya,Gupta,Female,Urban,State,No,75,70,No
A01191,Arjun,Khan,Male,Urban,State,Yes,97,91,Yes
A01192,Sandeep,Ali,Male,Urban,CBSE,No,76,58,Yes
A01193,Manish,Sharma,Male,Urban,State,No,64,56,No
A01194,Sarah,Thomas,Female,Urban,CBSE,Yes,95,92,Yes
A01195,Pooja,Iyer,Female,Urban,CBSE,Yes,50,45,No
A01196,Karan,George,Male,Urban,State,No,49,52,No
A01197,Riya,Siddiqui,Female,Urban,State,Yes,52,42,No
A01198,Amit,Mehta,Male,Urban,State,Yes,49,56,No
A01199,Sneha,Rao,Female,Urban,State,Yes,88,77,Yes
A01200,Manish,Siddiqui,Male,Urban,State,No,73,69,No
A01201,Pradeep,D'Souza,Male,Urban,State,Yes,69,60,Yes
A01202,Fatima,Nair,Female,Urban,CBSE,Yes,65,77,No
A01203,Rekha,George,Female,Rural,CBSE,Yes,64,62,Yes
A01204,Daniel,Mathew,Male,Rural,State,No,99,99,Yes
A01205,Suresh,George,Male,Rural,ICSE,Yes,61,45,No
A01206,Neha,Sheikh,Female,Urban,State,No,68,54,No
A01207,Vikram,Hussain,Male,Urban,ICSE,No,85,91,Yes
A01208,Sunita,Ali,Female,Rural,State,Yes,87,72,No
A01209,Aisha,Siddiqui,Female,Urban,State,No,80,89,No
A01210,Riya,Khan,Female,Rural,State,No,91,77,Yes
A01211,Rahul,Thomas,Male,Urban,ICSE,Yes,60,63,No
A01212,Amit,Verma,Male,Rural,CBSE,Yes,70,76,No
A01213,Vikram,Khan,Male,Urban,CBSE,No,94,90,Yes
A01214,Anjali,Thomas,Female,Rural,State,Yes,97,87,Yes
A01215,Kavya,Sheikh,Female,Urban,CBSE,Yes,71,81,Yes
A01216,Sandeep,Verma,Male,Rural,ICSE,No,81,91,No
A01217,Imran,George,Male,Urban,ICSE,No,62,60,No
A01218,Rekha,Hussain,Female,Urban,ICSE,Yes,76,77,Yes
A01219,Aditya,Reddy,Male,Urban,State,No,79,68,Yes
A01220,Pradeep,D'Souza,Male,Rural,CBSE,Yes,55,60,No
A01221,Amit,Siddiqui,Male,Rural,State,No,69,69,Yes
A01222,Pooja,Gupta,Female,Rural,CBSE,Yes,63,48,Yes
A01223,Priya,Hussain,Female,Urban,CBSE,Yes,87,89,No
A01224,Daniel,D'Souza,Male,Urban,CBSE,No,77,62,No
A01225,Riya,Mehta,Female,Urban,ICSE,No,66,55,Yes
A01226,Daniel,Thomas,Male,Urban,CBSE,Yes,62,61,No
A01227,Lakshmi,Khan,Female,Urban,CBSE,Yes,69,63,No
A01228,Aditya,Hussain,Male,Rural,CBSE,Yes,58,68,No
A01229,Imran,Iyer,Male,Rural,CBSE,Yes,79,86,No
A01230,Karan,Mathew,Male,Urban,State,Yes,84,98,No
A01231,Arjun,Fernandes,Male,Rural,State,No,51,52,No
A01232,Lakshmi,Joshi,Female,Urban,CBSE,Yes,66,58,No
A01233,Aditya,Iyer,Male,Urban,ICSE,Yes,61,51,Yes
A01234,Sarah,Rao,Female,Urban,State,Yes,79,74,Yes
A01235,Manish,Iyer,Male,Urban,State,No,87,99,Yes
A01236,Sandeep,Rahman,Male,Rural,CBSE,No,72,72,No
A01237,Anjali,Sharma,Female,Urban,ICSE,Yes,79,95,Yes
A01238,Priya,Mehta,Female,Urban,CBSE,No,65,52,No
A01239,Divya,Siddiqui,Female,Urban,CBSE,No,81,82,Yes
A01240,Priya,Mehta,Female,Urban,CBSE,No,77,64,Yes
A01241,Kavya,Rahman,Female,Rural,ICSE,Yes,99,99,Yes
A01242,Faisal,Nair,Male,Urban,State,Yes,60,66,No
A01243,Rahul,Sheikh,Male,Urban,CBSE,No,62,53,No
A01244,Meera,Mirza,Female,Urban,State,Yes,86,81,Yes
A01245,Anjali,Joshi,Female,Urban,State,No,87,78,Yes
A01246,Amit,Patel,Male,Rural,CBSE,Yes,62,55,No
A01247,Sarah,Ahmed,Female,Rural,State,No,73,71,No
A01248,Lakshmi,Joseph,Female,Rural,CBSE,No,73,77,Yes
A01249,Suresh,D'Souza,Male,Urban,ICSE,Yes,61,56,No
A01250,Priya,Joshi,Female,Urban,CBSE,Yes,64,62,Yes
A01251,Joseph,Joshi,Male,Rural,CBSE,Yes,66,56,No
A01252,Imran,Fernandes,Male,Urban,CBSE,Yes,63,72,No
A01253,Faisal,Rao,Male,Urban,CBSE,Yes,78,76,No
A01254,Karan,Mathew,Male,Rural,ICSE,Yes,67,60,No
A01255,Joseph,Thomas,Male,Rural,CBSE,No,83,98,Yes
A01256,Sunita,Mehta,Female,Urban,ICSE,Yes,71,68,Yes
A01257,Arjun,Nair,Male,Urban,CBSE,No,69,53,Yes
A01258,Pooja,Sheikh,Female,Urban,State,Yes,74,55,No
A01259,Pradeep,Mirza,Male,Urban,CBSE,No,99,99,Yes
A01260,Priya,Fernandes,Female,Urban,CBSE,Yes,89,80,Yes
A01261,Aditya,Sharma,Male,Urban,State,No,69,58,No
A01262,Fatima,Rahman,Female,Rural,State,No,52,46,No
A01263,Mary,Iyer,Female,Urban,ICSE,No,63,65,No
A01264,Sunita,Siddiqui,Female,Rural,CBSE,Yes,84,87,No
A01265,Ravi,Mehta,Male,Urban,CBSE,Yes,78,67,No
A01266,Joseph,Reddy,Male,Rural,CBSE,Yes,56,53,No
A01267,Fatima,Ali,Female,Rural,State,Yes,81,76,No
A01268,Joseph,Fernandes,Male,Urban,State,Yes,81,83,Yes
A01269,Ravi,Patel,Male,Urban,ICSE,Yes,80,71,Yes
A01270,Suresh,D'Souza,Male,Rural,CBSE,Yes,59,60,No
A01271,Sneha,Sheikh,Female,Urban,CBSE,No,91,92,Yes
A01272,Lakshmi,George,Female,Urban,CBSE,No,67,52,No
A01273,Anjali,Verma,Female,Rural,CBSE,Yes,65,59,No
A01274,Meera,George,Female,Rural,CBSE,Yes,73,77,No
A01275,Priya,Reddy,Female,Urban,State,Yes,72,68,No
A01276,Sneha,Reddy,Female,Rural,State,No,84,87,No
A01277,Lakshmi,Mathew,Female,Rural,State,No,55,44,No
A01278,Sarah,Verma,Female,Rural,CBSE,Yes,62,48,No
A01279,Meera,Siddiqui,Female,Urban,ICSE,No,58,56,No
A01280,Pooja,Fernandes,Female,Rural,State,No,94,86,No
A01281,Sarah,Sharma,Female,Urban,State,Yes,65,65,No
A01282,Karan,Patel,Male,Rural,CBSE,Yes,75,72,No
A01283,Fatima,Verma,Female,Rural,State,No,54,53,No
A01284,Faisal,Mirza,Male,Urban,CBSE,No,71,69,Yes
A01285,Rahul,Sheikh,Male,Rural,State,No,56,40,No
A01286,Sarah,Patel,Female,Urban,ICSE,Yes,83,87,Yes
A01287,Sneha,Gupta,Female,Rural,CBSE,No,66,59,No
A01288,Riya,Rao,Female,Urban,CBSE,No,71,55,No
A01289,Anjali,Sheikh,Female,Rural,CBSE,No,76,67,Yes
A01290,Kavya,Sharma,Female,Rural,State,No,60,54,No
A01291,Sarah,Sharma,Female,Urban,CBSE,Yes,80,79,Yes
A01292,Joseph,Mehta,Male,Rural,State,No,73,64,No
A01293,Anjali,Siddiqui,Female,Rural,State,Yes,74,73,No
A01294,Fatima,Sheikh,Female,Urban,CBSE,Yes,58,67,Yes
A01295,Mary,Mirza,Female,Urban,State,No,61,60,No
A01296,Sarah,D'Souza,Female,Rural,ICSE,Yes,76,73,Yes
A01297,Priya,Nair,Female,Urban,ICSE,No,56,40,No
A01298,Aisha,Hussain,Female,Urban,CBSE,Yes,63,56,Yes
A01299,Suresh,Rahman,Male,Urban,State,Yes,62,61,No
A01300,Mary,D'Souza,Female,Rural,CBSE,No,69,63,No
A01301,Sneha,Gupta,Female,Rural,CBSE,No,59,54,No
A01302,Karan,Mehta,Male,Rural,CBSE,Yes,99,83,Yes
A01303,Rohan,Gupta,Male,Urban,CBSE,No,71,54,Yes
A01304,Faisal,Rahman,Male,Rural,CBSE,No,76,77,Yes
A01305,Karan,Khan,Male,Rural,CBSE,Yes,52,48,No
A01306,Lakshmi,Patel,Female,Urban,CBSE,No,91,93,Yes
A01307,Sandeep,Khan,Male,Urban,CBSE,No,60,57,No
A01308,Sandeep,Nair,Male,Rural,CBSE,Yes,70,63,No
A01309,Fatima,Mehta,Female,Rural,CBSE,Yes,82,63,No
A01310,Arjun,Siddiqui,Male,Rural,ICSE,Yes,64,48,Yes
A01311,Sunita,Rahman,Female,Urban,ICSE,No,65,75,Yes
A01312,Karan,Joshi,Male,Urban,ICSE,No,89,74,Yes
A01313,Arjun,Verma,Male,Rural,ICSE,Yes,59,76,No
A01314,Daniel,Rao,Male,Rural,CBSE,Yes,92,87,No
A01315,Meera,Rao,Female,Rural,CBSE,Yes,64,60,No
A01316,Karan,Khan,Male,Urban,State,Yes,67,71,Yes
A01317,Rahul,Siddiqui,Male,Urban,CBSE,Yes,67,69,No
A01318,Pradeep,Reddy,Male,Urban,CBSE,Yes,47,52,No
A01319,Rekha,Nair,Female,Urban,State,Yes,87,90,Yes
A01320,Amit,Patel,Male,Rural,State,No,63,65,Yes
A01321,Karan,Ali,Male,Urban,State,Yes,82,69,No
A01322,Manish,Joshi,Male,Urban,State,Yes,64,66,No
A01323,Joseph,Nair,Male,Urban,ICSE,Yes,73,73,No
A01324,Kavya,Gupta,Female,Rural,CBSE,Yes,72,76,No
A01325,Daniel,Fernandes,Male,Urban,CBSE,No,71,54,Yes
A01326,Pradeep,Ahmed,Male,Rural,ICSE,Yes,60,55,Yes
A01327,Sneha,Rahman,Female,Urban,CBSE,No,94,84,Yes
A01328,Pooja,Rahman,Female,Urban,CBSE,Yes,84,77,Yes
A01329,Rohan,Rao,Male,Urban,CBSE,Yes,79,71,Yes
A01330,Sunita,Sharma,Female,Urban,CBSE,Yes,61,76,No
A01331,Divya,Ali,Female,Urban,CBSE,Yes,77,70,Yes
A01332,Joseph,Sheikh,Male,Rural,State,Yes,89,87,Yes
A01333,Pooja,Reddy,Female,Rural,ICSE,Yes,77,71,No
A01334,Kavya,D'Souza,Female,Rural,CBSE,No,45,53,No
A01335,Fatima,Hussain,Female,Urban,CBSE,No,65,59,Yes
A01336,Faisal,Joseph,Male,Urban,State,Yes,70,66,No
A01337,Lakshmi,Verma,Female,Rural,ICSE,No,78,79,No
A01338,Imran,Mirza,Male,Rural,CBSE,No,66,62,No
A01339,Daniel,Ahmed,Male,Urban,State,Yes,83,82,Yes
A01340,Sneha,Rahman,Female,Rural,CBSE,Yes,70,62,No
A01341,Kavya,Patel,Female,Rural,State,Yes,89,81,No
A01342,Sarah,D'Souza,Female,Rural,CBSE,No,51,49,No
A01343,Daniel,Rao,Male,Rural,CBSE,Yes,77,82,Yes
A01344,Pradeep,Ahmed,Male,Urban,CBSE,Yes,92,96,Yes
A01345,Vikram,D'Souza,Male,Urban,State,No,86,85,Yes
A01346,Daniel,Rahman,Male,Rural,CBSE,No,93,92,No
A01347,Arjun,Verma,Male,Urban,CBSE,No,64,70,Yes
A01348,Amit,Sheikh,Male,Rural,ICSE,Yes,99,99,Yes
A01349,Joseph,Gupta,Male,Rural,CBSE,No,81,65,No
A01350,Vikram,Khan,Male,Rural,ICSE,Yes,82,76,No
A01351,Sunita,Thomas,Female,Urban,ICSE,No,61,54,Yes
A01352,Amit,Hussain,Male,Urban,CBSE,No,85,86,Yes
A01353,Neha,Mehta,Female,Rural,State,Yes,61,47,No
A01354,Sunita,Fernandes,Female,Urban,State,Yes,77,75,Yes
A01355,Kavya,Hussain,Female,Rural,CBSE,No,69,51,Yes
A01356,Meera,Mirza,Female,Urban,ICSE,No,84,72,Yes
A01357,Imran,Thomas,Male,Urban,CBSE,Yes,49,61,No
A01358,Aisha,Rao,Female,Rural,State,No,63,64,No
A01359,Amit,Iyer,Male,Urban,State,No,87,75,Yes
A01360,Manish,Mathew,Male,Urban,CBSE,No,65,67,No
A01361,Ravi,Mathew,Male,Urban,CBSE,No,71,62,No
A01362,Imran,Joseph,Male,Urban,State,Yes,73,65,No
A01363,Priya,Siddiqui,Female,Rural,State,No,64,57,Yes
A01364,Mary,Sharma,Female,Urban,State,Yes,45,40,No
A01365,Arjun,Ahmed,Male,Urban,CBSE,No,63,66,Yes
A01366,Kavya,Joshi,Female,Urban,CBSE,No,53,49,No
A01367,Rekha,Joshi,Female,Urban,CBSE,No,70,75,No
A01368,Rahul,George,Male,Urban,CBSE,Yes,79,61,Yes
A01369,Ravi,Joseph,Male,Urban,CBSE,No,83,76,Yes
A01370,Joseph,Sheikh,Male,Rural,CBSE,No,96,88,Yes
A01371,Rekha,Mehta,Female,Urban,ICSE,No,66,50,Yes
A01372,Anjali,Patel,Female,Urban,State,Yes,57,56,No
A01373,Kavya,Ali,Female,Urban,ICSE,No,56,56,No
A01374,Sandeep,Sharma,Male,Urban,CBSE,Yes,61,73,No
A01375,Rekha,Mirza,Female,Urban,State,Yes,75,66,No
A01376,Neha,Sheikh,Female,Urban,State,Yes,59,62,No
A01377,Anjali,Rahman,Female,Urban,State,No,69,63,Yes
A01378,Joseph,Gupta,Male,Rural,ICSE,Yes,62,60,No
A01379,Aisha,Thomas,Female,Urban,State,Yes,84,77,No
A01380,Imran,George,Male,Urban,State,Yes,75,73,No
A01381,Faisal,Gupta,Male,Rural,State,Yes,40,40,No
A01382,Aisha,Hussain,Female,Urban,CBSE,No,74,66,No
A01383,Sunita,Rao,Female,Urban,State,No,71,68,Yes
A01384,Karan,Rahman,Male,Urban,CBSE,Yes,81,84,No
A01385,Joseph,Mehta,Male,Urban,State,Yes,71,61,No
A01386,Fatima,Mehta,Female,Rural,ICSE,No,99,81,Yes
A01387,Rahul,Joseph,Male,Urban,State,Yes,90,88,Yes
A01388,Rohan,Gupta,Male,Rural,CBSE,No,56,40,No
A01389,Lakshmi,Ali,Female,Urban,CBSE,No,92,78,Yes
A01390,Sarah,Mehta,Female,Rural,State,Yes,58,49,No
A01391,Rohan,Reddy,Male,Rural,CBSE,Yes,89,97,Yes
A01392,Vikram,Siddiqui,Male,Rural,CBSE,Yes,75,75,No
A01393,Rohan,George,Male,Rural,State,Yes,80,74,No
A01394,Anjali,D'Souza,Female,Urban,State,No,63,69,No
A01395,Faisal,Hussain,Male,Rural,ICSE,Yes,78,90,No
A01396,Imran,Joseph,Male,Rural,CBSE,No,68,68,Yes
A01397,Amit,Mirza,Male,Rural,CBSE,Yes,79,82,No
A01398,Rahul,Ahmed,Male,Urban,ICSE,Yes,57,53,No
A01399,Imran,D'Souza,Male,Urban,CBSE,Yes,54,46,No
A01400,Aisha,Mehta,Female,Rural,ICSE,Yes,72,68,No
A01401,Suresh,D'Souza,Male,Rural,State,No,70,58,Yes
A01402,Daniel,George,Male,Urban,CBSE,Yes,50,53,No
A01403,Faisal,Fernandes,Male,Rural,State,Yes,81,71,Yes
A01404,Karan,Thomas,Male,Urban,CBSE,Yes,50,52,No
A01405,Fatima,Ahmed,Female,Urban,CBSE,Yes,70,63,No
A01406,Suresh,Mathew,Male,Urban,State,Yes,68,66,No
A01407,Mary,Ahmed,Female,Urban,CBSE,No,54,46,No
A01408,Aditya,Sheikh,Male,Urban,CBSE,Yes,76,62,Yes
A01409,Faisal,D'Souza,Male,Urban,State,No,74,63,Yes
A01410,Priya,Ali,Female,Urban,State,No,85,82,Yes
A01411,Amit,Patel,Male,Rural,State,No,69,61,Yes
A01412,Anjali,Verma,Female,Urban,State,Yes,72,76,Yes
A01413,Sarah,Sheikh,Female,Rural,State,Yes,42,40,No
A01414,Pradeep,George,Male,Rural,State,Yes,92,94,Yes
A01415,Aisha,Mathew,Female,Urban,CBSE,Yes,69,60,Yes
A01416,Imran,Thomas,Male,Urban,CBSE,Yes,60,50,No
A01417,Joseph,Verma,Male,Rural,State,No,84,73,Yes
A01418,Faisal,Joseph,Male,Rural,State,Yes,57,64,No
A01419,Aditya,Ahmed,Male,Rural,CBSE,Yes,71,71,No
A01420,Riya,George,Female,Urban,ICSE,Yes,65,60,Yes
A01421,Riya,Siddiqui,Female,Urban,CBSE,Yes,55,40,No
A01422,Aisha,Nair,Female,Rural,CBSE,Yes,72,56,No
A01423,Manish,Iyer,Male,Rural,ICSE,Yes,69,62,Yes
A01424,Meera,Nair,Female,Urban,CBSE,No,63,75,Yes
A01425,Divya,Thomas,Female,Rural,State,No,63,63,No
A01426,Sneha,Thomas,Female,Rural,ICSE,No,66,74,Yes
A01427,Ravi,Thomas,Male,Urban,State,Yes,75,67,No
A01428,Mary,Joshi,Female,Urban,CBSE,No,57,61,No
A01429,Karan,Joseph,Male,Urban,State,No,88,70,No
A01430,Joseph,Ali,Male,Urban,State,Yes,77,73,No
A01431,Karan,D'Souza,Male,Rural,CBSE,No,52,40,No
A01432,Pradeep,Iyer,Male,Urban,CBSE,Yes,74,84,No
A01433,Joseph,Thomas,Male,Rural,CBSE,Yes,88,79,No
A01434,Rekha,Mirza,Female,Urban,State,No,66,70,No
A01435,Sunita,Thomas,Female,Urban,State,No,94,90,Yes
A01436,Arjun,Verma,Male,Rural,CBSE,No,80,83,No
A01437,Fatima,Joseph,Female,Urban,State,Yes,64,64,No
A01438,Aditya,Mehta,Male,Rural,CBSE,No,74,67,Yes
A01439,Daniel,Hussain,Male,Urban,State,No,77,79,Yes
A01440,Sarah,Thomas,Female,Rural,CBSE,Yes,68,68,Yes
A01441,Mary,Verma,Female,Urban,State,No,91,81,Yes
A01442,Pradeep,Sheikh,Male,Urban,State,Yes,55,53,No
A01443,Pooja,Rao,Female,Urban,CBSE,Yes,89,80,Yes
A01444,Rekha,Verma,Female,Urban,CBSE,No,61,57,No
A01445,Aisha,D'Souza,Female,Rural,CBSE,No,95,95,Yes
A01446,Sarah,Fernandes,Female,Urban,CBSE,Yes,69,73,No
A01447,Anjali,Nair,Female,Rural,CBSE,Yes,69,53,No
A01448,Daniel,Patel,Male,Urban,State,No,77,74,No
A01449,Imran,Rao,Male,Rural,CBSE,No,73,86,Yes
A01450,Karan,Hussain,Male,Urban,State,Yes,62,63,No
A01451,Amit,Ali,Male,Urban,CBSE,Yes,59,56,Yes
A01452,Imran,Khan,Male,Urban,ICSE,Yes,80,79,No
A01453,Rohan,Iyer,Male,Urban,CBSE,Yes,80,73,No
A01454,Meera,Siddiqui,Female,Urban,CBSE,Yes,67,65,Yes
A01455,Vikram,Ali,Male,Urban,State,Yes,75,78,No
A01456,Sandeep,George,Male,Rural,CBSE,No,70,74,No
A01457,Vikram,Sheikh,Male,Urban,State,No,65,60,No
A01458,Riya,Verma,Female,Urban,CBSE,No,59,62,No
A01459,Mary,Mathew,Female,Urban,CBSE,No,64,76,No
A01460,Suresh,Siddiqui,Male,Urban,State,Yes,65,59,No
A01461,Sandeep,Joshi,Male,Rural,CBSE,Yes,64,73,No
A01462,Ravi,George,Male,Rural,CBSE,No,76,71,No
A01463,Ravi,Hussain,Male,Urban,State,Yes,50,51,No
A01464,Aditya,Reddy,Male,Urban,State,No,54,48,No
A01465,Rekha,Patel,Female,Urban,State,Yes,67,67,No
A01466,Rohan,Ahmed,Male,Urban,ICSE,No,92,87,Yes
A01467,Sneha,Verma,Female,Rural,State,No,54,44,No
A01468,Riya,George,Female,Rural,ICSE,Yes,79,72,Yes
A01469,Manish,Mathew,Male,Urban,CBSE,No,75,66,No
A01470,Karan,Mathew,Male,Urban,CBSE,No,54,54,No
A01471,Sarah,Sharma,Female,Urban,CBSE,No,47,48,No
A01472,Rahul,Hussain,Male,Urban,State,Yes,78,76,No
A01473,Lakshmi,Mathew,Female,Rural,CBSE,Yes,48,44,No
A01474,Sandeep,Sheikh,Male,Rural,ICSE,Yes,69,77,No
A01475,Ravi,Verma,Male,Urban,CBSE,Yes,65,51,No
A01476,Ravi,Hussain,Male,Rural,State,No,87,91,Yes
A01477,Pooja,Gupta,Female,Urban,CBSE,No,74,61,Yes
A01478,Pradeep,Hussain,Male,Urban,CBSE,No,55,62,No
A01479,Neha,Iyer,Female,Urban,State,No,77,78,Yes
A01480,Sunita,Nair,Female,Rural,State,No,69,69,No
A01481,Manish,Mathew,Male,Urban,State,Yes,57,52,No
A01482,Pradeep,Mehta,Male,Urban,State,Yes,63,62,No
A01483,Mary,Joseph,Female,Urban,CBSE,Yes,60,64,No
A01484,Faisal,Iyer,Male,Rural,State,No,82,82,Yes
A01485,Kavya,Iyer,Female,Urban,ICSE,Yes,44,40,No
A01486,Sandeep,Thomas,Male,Urban,State,Yes,57,51,Yes
A01487,Pooja,Mirza,Female,Rural,State,Yes,73,78,Yes
A01488,Rahul,Verma,Male,Urban,State,No,80,76,Yes
A01489,Rahul,Ali,Male,Urban,State,Yes,71,64,Yes
A01490,Pooja,Iyer,Female,Urban,CBSE,No,61,58,No
A01491,Fatima,Thomas,Female,Rural,State,Yes,72,58,Yes
A01492,Rekha,Mathew,Female,Urban,State,Yes,70,70,Yes
A01493,Suresh,Joseph,Male,Urban,CBSE,Yes,70,65,Yes
A01494,Karan,Hussain,Male,Urban,State,Yes,71,63,No
A01495,Sunita,Joseph,Female,Urban,CBSE,No,71,74,Yes
A01496,Sunita,Sharma,Female,Rural,ICSE,Yes,55,60,No
A01497,Fatima,Mehta,Female,Rural,CBSE,No,78,76,Yes
A01498,Rekha,Mehta,Female,Urban,CBSE,No,87,99,Yes
A01499,Sneha,Mirza,Female,Urban,State,Yes,85,76,Yes
A01500,Riya,Ahmed,Female,Urban,State,Yes,67,73,No
