candidate_id,first_name,surname,gender,age,college,tier,years_experience,skill_match,hobbies,selected
H00001,Sunita,Ali,Female,26,VIT Vellore,2,4,0.52,"Cooking, yoga",Yes
H00002,Vikram,Joshi,Male,25,Manipal Institute,2,5,0.3,"Cricket, coding",Yes
H00003,Joseph,Rao,Male,36,Anna University,2,2,0.37,"Cricket, coding",Yes
H00004,Lakshmi,Khan,Female,30,Open University,3,0,0.72,"Reading, painting",No
H00005,Arjun,Joshi,Male,40,IIT Delhi,1,2,0.88,"Gym, gaming",No
H00006,Karan,Rahman,Male,27,IIM Ahmedabad,1,6,0.6,Bike rides,Yes
H00007,Karan,Nair,Male,30,Anna University,2,11,0.6,"Cricket, coding",Yes
H00008,Aditya,Hussain,Male,23,DTU Delhi,2,5,0.76,"Gym, gaming",No
H00009,Imran,Iyer,Male,39,Anna University,2,8,0.77,"Gym, gaming",No
H00010,Manish,Gupta,Male,40,Open University,3,4,0.65,"Gym, gaming",No
H00011,Sarah,Gupta,Female,26,Open University,3,4,0.3,"Dancing, music",No
H00012,Sunita,Sheikh,Female,22,DTU Delhi,2,3,0.39,"Crafts, baking",No
H00013,Faisal,Mehta,Male,34,Manipal Institute,2,4,0.49,Bike rides,Yes
H00014,Imran,Nair,Male,41,IIT Bombay,1,3,0.55,"Football, gaming",Yes
H00015,Rahul,Patel,Male,38,IIT Delhi,1,1,0.49,"Gym, gaming",No
H00016,Ravi,Verma,Male,23,DTU Delhi,2,1,0.4,"Football, gaming",Yes
H00017,Sneha,Khan,Female,41,Open University,3,2,0.82,"Reading, painting",No
H00018,Aditya,Rao,Male,39,Manipal Institute,2,5,0.73,"Cricket, coding",No
H00019,Pradeep,Rao,Male,45,Tier-3 Pvt College,3,3,0.49,"Football, gaming",No
H00020,Aisha,Mehta,Female,21,DTU Delhi,2,0,0.85,"Cooking, yoga",No
H00021,Imran,Gupta,Male,28,Manipal Institute,2,4,0.81,"Gym, gaming",Yes
H00022,Imran,Siddiqui,Male,33,Jadavpur University,2,8,0.31,Bike rides,Yes
H00023,Pooja,Hussain,Female,44,Jadavpur University,2,2,0.48,"Reading, painting",No
H00024,Vikram,Rahman,Male,38,Local Engineering College,3,0,0.45,Bike rides,No
H00025,Ravi,Hussain,Male,21,NIT Trichy,1,5,0.6,"Football, gaming",No
H00026,Pradeep,Joshi,Male,33,State University,3,6,0.56,"Football, gaming",Yes
H00027,Aditya,Nair,Male,26,Open University,3,1,0.45,Bike rides,No
H00028,Aditya,Khan,Male,37,Anna University,2,3,0.46,"Gym, gaming",No
H00029,Ravi,Reddy,Male,26,DTU Delhi,2,1,0.62,"Cricket, coding",No
H00030,Daniel,Sheikh,Male,34,IIT Bombay,1,3,0.73,"Cricket, coding",Yes
H00031,Vikram,Sheikh,Male,21,VIT Vellore,2,6,0.78,Bike rides,Yes
H00032,Joseph,Siddiqui,Male,37,State University,3,7,0.62,"Cricket, coding",Yes
H00033,Divya,Khan,Female,25,DTU Delhi,2,4,0.47,"Crafts, baking",No
H00034,Sunita,Mirza,Female,41,NIT Trichy,1,7,0.89,"Cooking, yoga",Yes
H00035,Vikram,Sharma,Male,44,BITS Pilani,1,10,0.9,"Football, gaming",Yes
H00036,Kavya,Siddiqui,Female,43,BITS Pilani,1,0,0.88,"Reading, painting",Yes
H00037,Rohan,Ahmed,Male,33,Open University,3,2,0.4,Bike rides,No
H00038,Aditya,Reddy,Male,32,Manipal Institute,2,4,0.4,"Cricket, coding",No
H00039,Aditya,Khan,Male,41,Anna University,2,6,0.47,Bike rides,Yes
H00040,Imran,Hussain,Male,43,Manipal Institute,2,1,0.72,"Cricket, coding",Yes
H00041,Sandeep,Ahmed,Male,39,Manipal Institute,2,2,0.7,Bike rides,Yes
H00042,Suresh,Iyer,Male,44,State University,3,8,0.4,Bike rides,No
H00043,Sandeep,Sharma,Male,27,VIT Vellore,2,1,0.8,"Gym, gaming",Yes
H00044,Sarah,Iyer,Female,39,Tier-3 Pvt College,3,2,0.67,"Crafts, baking",No
H00045,Rahul,Mirza,Male,36,BITS Pilani,1,11,0.54,Bike rides,Yes
H00046,Aditya,Rao,Male,32,Jadavpur University,2,4,0.94,"Football, gaming",No
H00047,Riya,Rao,Female,32,Anna University,2,0,0.66,"Dancing, music",No
H00048,Vikram,Verma,Male,35,VIT Vellore,2,0,0.47,"Cricket, coding",No
H00049,Sandeep,Joshi,Male,43,State University,3,7,0.69,"Football, gaming",No
H00050,Vikram,Iyer,Male,37,VIT Vellore,2,5,0.46,"Gym, gaming",Yes
H00051,Rohan,Khan,Male,41,BITS Pilani,1,4,0.44,"Cricket, coding",No
H00052,Arjun,Sheikh,Male,24,Open University,3,4,0.84,"Cricket, coding",No
H00053,Ravi,Sharma,Male,29,Tier-3 Pvt College,3,2,0.66,Bike rides,No
H00054,Sandeep,Khan,Male,29,Jadavpur University,2,4,0.52,"Gym, gaming",Yes
H00055,Rahul,Rahman,Male,21,Jadavpur University,2,2,0.35,"Gym, gaming",No
H00056,Ravi,Khan,Male,41,VIT Vellore,2,4,0.44,"Football, gaming",No
H00057,Suresh,Khan,Male,45,DTU Delhi,2,1,0.45,"Cricket, coding",Yes
H00058,Joseph,Reddy,Male,26,VIT Vellore,2,0,0.53,"Gym, gaming",No
H00059,Fatima,Joshi,Female,29,Manipal Institute,2,2,0.81,"Dancing, music",No
H00060,Joseph,Sheikh,Male,21,Open University,3,5,0.34,"Gym, gaming",Yes
H00061,Sunita,Mehta,Female,21,State University,3,5,0.51,"Dancing, music",Yes
H00062,Joseph,Khan,Male,38,VIT Vellore,2,8,0.86,"Gym, gaming",No
H00063,Sandeep,Reddy,Male,31,Open University,3,10,0.85,"Gym, gaming",Yes
H00064,Rekha,Joshi,Female,29,Open University,3,1,0.34,"Reading, painting",No
H00065,Faisal,Hussain,Male,30,IIT Delhi,1,4,0.98,"Gym, gaming",No
H00066,Aisha,Rao,Female,38,IIT Delhi,1,3,0.53,"Dancing, music",No
H00067,Priya,Iyer,Female,45,Tier-3 Pvt College,3,6,0.84,"Cooking, yoga",Yes
H00068,Ravi,Ahmed,Male,31,IIM Ahmedabad,1,3,0.48,"Football, gaming",Yes
H00069,Daniel,Ali,Male,36,Local Engineering College,3,7,0.31,"Gym, gaming",No
H00070,Mary,Siddiqui,Female,36,Manipal Institute,2,2,0.74,"Reading, painting",No
H00071,Kavya,Siddiqui,Female,26,Local Engineering College,3,0,0.76,"Cooking, yoga",No
H00072,Daniel,Mehta,Male,35,VIT Vellore,2,2,0.76,"Football, gaming",Yes
H00073,Ravi,Mirza,Male,45,Anna University,2,6,0.51,"Gym, gaming",Yes
H00074,Daniel,Iyer,Male,29,Tier-3 Pvt College,3,2,0.67,"Cricket, coding",No
H00075,Faisal,Iyer,Male,27,State University,3,3,0.67,"Football, gaming",No
H00076,Vikram,Khan,Male,31,State University,3,5,0.44,"Cricket, coding",Yes
H00077,Amit,Ahmed,Male,21,BITS Pilani,1,9,0.32,"Cricket, coding",Yes
H00078,Joseph,Rao,Male,27,Local Engineering College,3,9,0.36,"Cricket, coding",Yes
H00079,Aditya,Reddy,Male,45,Anna University,2,3,1.0,"Gym, gaming",Yes
H00080,Sarah,Rahman,Female,29,Anna University,2,1,0.31,"Crafts, baking",No
H00081,Aditya,Ahmed,Male,32,Local Engineering College,3,0,0.51,"Football, gaming",No
H00082,Rekha,Sharma,Female,29,Tier-3 Pvt College,3,6,0.33,"Cooking, yoga",Yes
H00083,Karan,Iyer,Male,43,DTU Delhi,2,9,0.91,Bike rides,Yes
H00084,Rahul,Sheikh,Male,26,NIT Trichy,1,6,0.98,"Cricket, coding",Yes
H00085,Neha,Sharma,Female,36,Anna University,2,0,0.49,"Dancing, music",Yes
H00086,Arjun,Rahman,Male,22,State University,3,0,0.94,"Football, gaming",No
H00087,Rahul,Reddy,Male,24,IIT Delhi,1,11,0.38,"Gym, gaming",Yes
H00088,Ravi,Iyer,Male,40,Local Engineering College,3,8,0.52,"Gym, gaming",No
H00089,Imran,Siddiqui,Male,32,Local Engineering College,3,0,0.9,"Cricket, coding",Yes
H00090,Karan,Joshi,Male,42,IIT Bombay,1,4,0.8,Bike rides,No
H00091,Sandeep,Mehta,Male,26,Tier-3 Pvt College,3,0,0.77,Bike rides,No
H00092,Daniel,Ahmed,Male,42,IIT Bombay,1,11,0.82,"Gym, gaming",Yes
H00093,Neha,Sharma,Female,25,VIT Vellore,2,5,0.7,"Crafts, baking",No
H00094,Joseph,Hussain,Male,27,Manipal Institute,2,6,0.68,"Football, gaming",No
H00095,Imran,Khan,Male,26,Anna University,2,4,0.37,Bike rides,No
H00096,Faisal,Sheikh,Male,41,NIT Trichy,1,0,0.39,"Cricket, coding",No
H00097,Kavya,Siddiqui,Female,43,Manipal Institute,2,2,0.99,"Reading, painting",No
H00098,Neha,Ali,Female,37,IIT Delhi,1,7,0.84,"Cooking, yoga",No
H00099,Karan,Mirza,Male,37,NIT Trichy,1,2,0.96,"Cricket, coding",Yes
H00100,Rahul,Joshi,Male,45,Open University,3,5,0.9,Bike rides,Yes
H00101,Lakshmi,Nair,Female,33,Open University,3,6,0.4,"Dancing, music",Yes
H00102,Suresh,Rao,Male,44,DTU Delhi,2,1,0.34,"Gym, gaming",Yes
H00103,Rahul,Joshi,Male,33,Open University,3,2,0.88,"Football, gaming",Yes
H00104,Pooja,Ali,Female,24,State University,3,5,0.44,"Cooking, yoga",No
H00105,Arjun,Gupta,Male,37,DTU Delhi,2,4,0.46,"Gym, gaming",Yes
H00106,Ravi,Iyer,Male,23,Tier-3 Pvt College,3,0,0.91,"Football, gaming",Yes
H00107,Kavya,Hussain,Female,34,Anna University,2,4,0.37,"Dancing, music",No
H00108,Rekha,Sheikh,Female,34,IIT Bombay,1,1,0.91,"Dancing, music",No
H00109,Manish,Mirza,Male,31,Manipal Institute,2,5,0.37,"Gym, gaming",Yes
H00110,Daniel,Mehta,Male,24,Open University,3,3,0.69,"Gym, gaming",No
H00111,Lakshmi,Verma,Female,40,IIT Bombay,1,2,0.83,"Dancing, music",No
H00112,Daniel,Ali,Male,43,Tier-3 Pvt College,3,3,0.75,"Gym, gaming",No
H00113,Rohan,Ali,Male,41,Open University,3,3,0.7,"Football, gaming",No
H00114,Suresh,Sheikh,Male,21,Tier-3 Pvt College,3,3,0.55,Bike rides,Yes
H00115,Fatima,Hussain,Female,22,Manipal Institute,2,4,0.69,"Dancing, music",No
H00116,Rahul,Rahman,Male,23,Jadavpur University,2,2,0.68,"Cricket, coding",Yes
H00117,Vikram,Ali,Male,31,VIT Vellore,2,4,0.9,"Gym, gaming",Yes
H00118,Sarah,Reddy,Female,26,DTU Delhi,2,1,0.43,"Dancing, music",No
H00119,Suresh,Siddiqui,Male,38,NIT Trichy,1,3,0.36,"Gym, gaming",No
H00120,Imran,Siddiqui,Male,32,Anna University,2,2,0.37,Bike rides,No
H00121,Mary,Joshi,Female,35,State University,3,0,0.49,"Crafts, baking",No
H00122,Sandeep,Joshi,Male,28,VIT Vellore,2,2,0.4,Bike rides,Yes
H00123,Pradeep,Hussain,Male,34,Jadavpur University,2,4,0.66,"Gym, gaming",No
H00124,Lakshmi,Mehta,Female,43,Tier-3 Pvt College,3,5,0.86,"Dancing, music",No
H00125,Sandeep,Khan,Male,38,VIT Vellore,2,1,0.79,"Cricket, coding",Yes
H00126,Rekha,Siddiqui,Female,31,NIT Trichy,1,9,0.46,"Dancing, music",No
H00127,Sandeep,Hussain,Male,29,DTU Delhi,2,0,0.71,"Football, gaming",No
H00128,Ravi,Siddiqui,Male,41,IIM Ahmedabad,1,4,0.63,"Cricket, coding",Yes
H00129,Manish,Mehta,Male,44,NIT Trichy,1,0,0.96,"Gym, gaming",Yes
H00130,Suresh,Khan,Male,28,Jadavpur University,2,4,0.96,"Cricket, coding",No
H00131,Mary,Sharma,Female,40,IIM Ahmedabad,1,0,0.35,"Reading, painting",No
H00132,Amit,Joshi,Male,40,State University,3,1,0.89,"Football, gaming",No
H00133,Aditya,Khan,Male,23,BITS Pilani,1,0,0.57,"Gym, gaming",Yes
H00134,Imran,Reddy,Male,24,VIT Vellore,2,0,0.8,Bike rides,Yes
H00135,Joseph,Rao,Male,28,DTU Delhi,2,1,0.67,"Football, gaming",No
H00136,Rohan,Ahmed,Male,24,NIT Trichy,1,8,0.31,Bike rides,Yes
H00137,Faisal,Patel,Male,26,NIT Trichy,1,0,0.98,"Football, gaming",No
H00138,Sarah,Reddy,Female,35,State University,3,4,0.66,"Crafts, baking",Yes
H00139,Aditya,Nair,Male,30,IIT Delhi,1,2,0.37,"Cricket, coding",No
H00140,Mary,Hussain,Female,42,Anna University,2,3,0.85,"Reading, painting",No
H00141,Sandeep,Ahmed,Male,25,Anna University,2,5,0.55,"Gym, gaming",No
H00142,Kavya,Mirza,Female,23,Manipal Institute,2,6,0.94,"Crafts, baking",No
H00143,Suresh,Khan,Male,25,VIT Vellore,2,2,0.58,"Gym, gaming",Yes
H00144,Aditya,Khan,Male,38,Anna University,2,8,0.51,Bike rides,No
H00145,Rohan,Rao,Male,23,Jadavpur University,2,3,0.42,Bike rides,No
H00146,Rohan,Nair,Male,33,NIT Trichy,1,0,0.34,"Gym, gaming",No
H00147,Rahul,Mirza,Male,32,DTU Delhi,2,5,0.96,"Cricket, coding",Yes
H00148,Amit,Rahman,Male,27,Jadavpur University,2,3,0.31,"Gym, gaming",Yes
H00149,Suresh,Sharma,Male,28,Manipal Institute,2,12,0.88,Bike rides,No
H00150,Karan,Iyer,Male,40,Manipal Institute,2,3,0.92,"Gym, gaming",No
H00151,Suresh,Rao,Male,41,Tier-3 Pvt College,3,3,0.88,"Gym, gaming",Yes
H00152,Rekha,Mehta,Female,40,BITS Pilani,1,4,0.33,"Crafts, baking",Yes
H00153,Vikram,Gupta,Male,24,BITS Pilani,1,7,0.42,Bike rides,No
H00154,Joseph,Nair,Male,38,Jadavpur University,2,5,0.48,"Football, gaming",Yes
H00155,Divya,Patel,Female,38,State University,3,10,0.63,"Reading, painting",Yes
H00156,Joseph,Reddy,Male,23,Local Engineering College,3,11,0.47,Bike rides,Yes
H00157,Rohan,Mirza,Male,45,State University,3,3,0.31,"Cricket, coding",No
H00158,Neha,Ahmed,Female,35,DTU Delhi,2,3,0.57,"Cooking, yoga",No
H00159,Sandeep,Reddy,Male,41,BITS Pilani,1,7,0.89,Bike rides,Yes
H00160,Imran,Verma,Male,24,Anna University,2,4,0.66,"Football, gaming",No
H00161,Imran,Ahmed,Male,22,IIT Bombay,1,3,0.3,"Football, gaming",No
H00162,Aditya,Joshi,Male,45,Jadavpur University,2,3,0.68,"Football, gaming",No
H00163,Lakshmi,Nair,Female,42,Anna University,2,5,0.64,"Dancing, music",No
H00164,Sunita,Rahman,Female,25,Manipal Institute,2,2,0.46,"Dancing, music",No
H00165,Joseph,Mehta,Male,26,DTU Delhi,2,1,0.33,"Gym, gaming",No
H00166,Sandeep,Ali,Male,25,Tier-3 Pvt College,3,5,0.45,"Gym, gaming",Yes
H00167,Ravi,Hussain,Male,33,Manipal Institute,2,2,0.81,"Cricket, coding",Yes
H00168,Amit,Ahmed,Male,35,Anna University,2,6,0.56,Bike rides,Yes
H00169,Aditya,Siddiqui,Male,41,Jadavpur University,2,2,0.54,"Cricket, coding",No
H00170,Meera,Reddy,Female,35,IIT Delhi,1,5,0.57,"Cooking, yoga",Yes
H00171,Karan,Ali,Male,39,State University,3,5,0.47,"Cricket, coding",No
H00172,Rohan,Gupta,Male,23,IIT Bombay,1,6,0.94,"Football, gaming",Yes
H00173,Faisal,Rao,Male,44,IIT Delhi,1,3,0.74,Bike rides,Yes
H00174,Rekha,Khan,Female,43,IIM Ahmedabad,1,5,0.37,"Cooking, yoga",No
H00175,Daniel,Gupta,Male,38,Open University,3,6,0.63,Bike rides,No
H00176,Kavya,Iyer,Female,35,IIT Bombay,1,7,0.39,"Crafts, baking",No
H00177,Arjun,Ahmed,Male,35,VIT Vellore,2,3,0.64,Bike rides,No
H00178,Sarah,Patel,Female,26,IIM Ahmedabad,1,4,0.77,"Cooking, yoga",Yes
H00179,Divya,Khan,Female,30,Local Engineering College,3,0,0.65,"Crafts, baking",No
H00180,Manish,Rao,Male,37,Jadavpur University,2,10,0.93,"Football, gaming",Yes
H00181,Anjali,Joshi,Female,43,Anna University,2,6,0.49,"Crafts, baking",No
H00182,Rohan,Iyer,Male,40,NIT Trichy,1,3,0.31,"Gym, gaming",Yes
H00183,Joseph,Verma,Male,43,Anna University,2,1,0.9,"Gym, gaming",Yes
H00184,Faisal,Mehta,Male,38,IIM Ahmedabad,1,8,0.49,"Gym, gaming",No
H00185,Imran,Mirza,Male,24,IIT Delhi,1,4,0.35,Bike rides,Yes
H00186,Sandeep,Patel,Male,23,IIT Bombay,1,2,0.82,Bike rides,No
H00187,Karan,Hussain,Male,41,Local Engineering College,3,3,0.4,"Football, gaming",Yes
H00188,Vikram,Sharma,Male,34,State University,3,3,0.45,"Football, gaming",No
H00189,Amit,Rahman,Male,27,Open University,3,2,0.5,"Football, gaming",No
H00190,Vikram,Reddy,Male,27,Jadavpur University,2,2,0.7,"Cricket, coding",No
H00191,Vikram,Rao,Male,26,State University,3,6,0.71,"Gym, gaming",Yes
H00192,Daniel,Mehta,Male,32,Local Engineering College,3,7,0.76,Bike rides,Yes
H00193,Rohan,Patel,Male,36,DTU Delhi,2,0,0.36,"Gym, gaming",Yes
H00194,Vikram,Khan,Male,39,Tier-3 Pvt College,3,0,0.79,"Football, gaming",No
H00195,Imran,Hussain,Male,32,Open University,3,2,0.64,"Cricket, coding",Yes
H00196,Faisal,Sheikh,Male,35,Tier-3 Pvt College,3,5,0.95,"Gym, gaming",Yes
H00197,Sunita,Iyer,Female,25,Open University,3,3,0.4,"Dancing, music",No
H00198,Pooja,Ali,Female,32,IIT Delhi,1,4,0.41,"Cooking, yoga",Yes
H00199,Pradeep,Iyer,Male,29,DTU Delhi,2,2,0.88,Bike rides,Yes
H00200,Pradeep,Sheikh,Male,34,State University,3,4,0.64,"Football, gaming",Yes
H00201,Imran,Rahman,Male,40,VIT Vellore,2,0,0.45,"Gym, gaming",Yes
H00202,Rahul,Khan,Male,41,Jadavpur University,2,3,0.6,"Football, gaming",No
H00203,Imran,Ahmed,Male,43,Tier-3 Pvt College,3,0,0.31,Bike rides,No
H00204,Imran,Joshi,Male,31,Anna University,2,2,0.85,Bike rides,Yes
H00205,Amit,Iyer,Male,31,State University,3,2,0.87,"Cricket, coding",Yes
H00206,Arjun,Khan,Male,37,Open University,3,0,0.83,Bike rides,Yes
H00207,Manish,Patel,Male,35,VIT Vellore,2,4,0.4,"Football, gaming",Yes
H00208,Arjun,Khan,Male,32,Open University,3,1,0.69,Bike rides,No
H00209,Imran,Siddiqui,Male,27,State University,3,7,0.38,"Football, gaming",No
H00210,Suresh,Joshi,Male,33,DTU Delhi,2,2,0.51,"Cricket, coding",Yes
H00211,Daniel,Patel,Male,32,VIT Vellore,2,1,0.41,"Gym, gaming",No
H00212,Manish,Hussain,Male,29,NIT Trichy,1,4,0.62,"Cricket, coding",Yes
H00213,Arjun,Gupta,Male,22,Open University,3,2,0.8,"Football, gaming",No
H00214,Joseph,Reddy,Male,31,DTU Delhi,2,5,0.75,Bike rides,Yes
H00215,Rohan,Iyer,Male,36,IIT Bombay,1,4,0.41,"Cricket, coding",Yes
H00216,Faisal,Khan,Male,23,DTU Delhi,2,5,0.64,"Football, gaming",Yes
H00217,Joseph,Iyer,Male,38,State University,3,2,0.94,Bike rides,Yes
H00218,Arjun,Verma,Male,41,State University,3,4,0.64,"Football, gaming",Yes
H00219,Karan,Iyer,Male,37,Anna University,2,4,0.31,Bike rides,No
H00220,Daniel,Siddiqui,Male,23,NIT Trichy,1,0,0.33,"Cricket, coding",No
H00221,Vikram,Ahmed,Male,37,State University,3,2,0.31,Bike rides,Yes
H00222,Joseph,Reddy,Male,27,Tier-3 Pvt College,3,5,0.53,Bike rides,No
H00223,Suresh,Hussain,Male,21,Jadavpur University,2,4,0.38,"Gym, gaming",No
H00224,Amit,Rao,Male,45,Manipal Institute,2,1,0.88,"Cricket, coding",No
H00225,Sarah,Hussain,Female,22,VIT Vellore,2,0,0.48,"Reading, painting",No
H00226,Rahul,Khan,Male,27,Anna University,2,1,0.8,"Gym, gaming",No
H00227,Rahul,Rahman,Male,36,Manipal Institute,2,5,0.96,"Football, gaming",Yes
H00228,Priya,Verma,Female,21,Local Engineering College,3,0,0.51,"Crafts, baking",No
H00229,Kavya,Verma,Female,32,VIT Vellore,2,8,0.56,"Dancing, music",No
H00230,Rohan,Gupta,Male,30,BITS Pilani,1,3,0.95,"Cricket, coding",Yes
H00231,Arjun,Rahman,Male,26,IIT Bombay,1,3,0.92,Bike rides,Yes
H00232,Pradeep,Patel,Male,44,VIT Vellore,2,0,0.35,"Gym, gaming",Yes
H00233,Ravi,Sheikh,Male,26,Local Engineering College,3,0,0.91,Bike rides,No
H00234,Manish,Sharma,Male,42,VIT Vellore,2,0,0.46,"Gym, gaming",No
H00235,Anjali,Sheikh,Female,38,Open University,3,5,0.82,"Dancing, music",No
H00236,Ravi,Rahman,Male,38,IIM Ahmedabad,1,0,0.81,"Cricket, coding",Yes
H00237,Daniel,Reddy,Male,39,Anna University,2,9,0.4,"Gym, gaming",No
H00238,Daniel,Patel,Male,40,VIT Vellore,2,3,0.53,Bike rides,No
H00239,Rahul,Verma,Male,31,VIT Vellore,2,0,0.88,"Cricket, coding",No
H00240,Amit,Ali,Male,23,Local Engineering College,3,1,0.99,"Football, gaming",Yes
H00241,Manish,Siddiqui,Male,42,State University,3,1,0.64,Bike rides,No
H00242,Lakshmi,Mirza,Female,42,State University,3,0,0.7,"Crafts, baking",No
H00243,Riya,Hussain,Female,25,State University,3,2,0.98,"Reading, painting",No
H00244,Aisha,Joshi,Female,45,VIT Vellore,2,0,0.68,"Reading, painting",No
H00245,Arjun,Sharma,Male,30,IIT Delhi,1,6,0.35,"Gym, gaming",No
H00246,Faisal,Ali,Male,21,Manipal Institute,2,0,0.54,Bike rides,Yes
H00247,Pradeep,Verma,Male,42,DTU Delhi,2,1,0.48,"Gym, gaming",No
H00248,Aditya,Sheikh,Male,43,Manipal Institute,2,4,0.96,"Gym, gaming",No
H00249,Pradeep,Patel,Male,36,DTU Delhi,2,8,0.8,"Football, gaming",Yes
H00250,Sandeep,Rahman,Male,22,Jadavpur University,2,6,0.84,"Gym, gaming",Yes
H00251,Arjun,Iyer,Male,39,Local Engineering College,3,6,0.65,"Gym, gaming",Yes
H00252,Rohan,Mehta,Male,39,NIT Trichy,1,2,0.64,"Gym, gaming",Yes
H00253,Suresh,Khan,Male,34,IIT Delhi,1,5,0.64,"Cricket, coding",Yes
H00254,Rahul,Ali,Male,22,VIT Vellore,2,3,0.54,"Gym, gaming",Yes
H00255,Aditya,Gupta,Male,26,NIT Trichy,1,1,0.56,"Gym, gaming",Yes
H00256,Faisal,Siddiqui,Male,24,DTU Delhi,2,2,0.5,"Gym, gaming",Yes
H00257,Faisal,Rahman,Male,33,VIT Vellore,2,9,0.38,"Cricket, coding",Yes
H00258,Amit,Hussain,Male,42,Tier-3 Pvt College,3,0,0.69,"Gym, gaming",Yes
H00259,Neha,Sheikh,Female,24,VIT Vellore,2,4,0.82,"Crafts, baking",Yes
H00260,Arjun,Gupta,Male,37,Jadavpur University,2,6,0.67,Bike rides,No
H00261,Sandeep,Rahman,Male,27,BITS Pilani,1,1,0.42,"Football, gaming",Yes
H00262,Karan,Patel,Male,36,DTU Delhi,2,4,0.7,"Cricket, coding",No
H00263,Faisal,Joshi,Male,29,Anna University,2,6,0.58,"Cricket, coding",No
H00264,Lakshmi,Hussain,Female,40,State University,3,4,0.82,"Cooking, yoga",No
H00265,Meera,Reddy,Female,28,Manipal Institute,2,2,0.72,"Crafts, baking",Yes
H00266,Karan,Verma,Male,32,Manipal Institute,2,4,0.63,Bike rides,Yes
H00267,Imran,Nair,Male,36,Anna University,2,4,0.71,"Cricket, coding",Yes
H00268,Pradeep,Khan,Male,38,DTU Delhi,2,0,0.48,Bike rides,No
H00269,Riya,Khan,Female,31,State University,3,2,0.88,"Crafts, baking",No
H00270,Amit,Iyer,Male,45,VIT Vellore,2,6,0.78,Bike rides,No
H00271,Amit,Hussain,Male,39,DTU Delhi,2,3,0.75,"Cricket, coding",No
H00272,Imran,Reddy,Male,41,Tier-3 Pvt College,3,0,0.47,"Gym, gaming",No
H00273,Sunita,Siddiqui,Female,31,NIT Trichy,1,5,0.56,"Crafts, baking",Yes
H00274,Manish,Rahman,Male,35,Tier-3 Pvt College,3,4,0.66,"Gym, gaming",Yes
H00275,Daniel,Rahman,Male,40,BITS Pilani,1,2,0.43,Bike rides,No
H00276,Anjali,Patel,Female,29,NIT Trichy,1,4,0.49,"Reading, painting",No
H00277,Amit,Verma,Male,42,DTU Delhi,2,10,0.8,Bike rides,Yes
H00278,Manish,Siddiqui,Male,32,State University,3,9,0.32,Bike rides,No
H00279,Joseph,Rao,Male,38,VIT Vellore,2,8,0.99,Bike rides,Yes
H00280,Sandeep,Sheikh,Male,28,Jadavpur University,2,6,0.42,"Cricket, coding",No
H00281,Arjun,Joshi,Male,42,Jadavpur University,2,7,0.61,"Cricket, coding",Yes
H00282,Ravi,Hussain,Male,25,Open University,3,0,0.9,"Gym, gaming",Yes
H00283,Amit,Rahman,Male,34,Tier-3 Pvt College,3,2,0.73,"Gym, gaming",No
H00284,Vikram,Ali,Male,26,State University,3,7,0.45,Bike rides,Yes
H00285,Suresh,Joshi,Male,33,Anna University,2,8,0.69,"Football, gaming",Yes
H00286,Lakshmi,Ahmed,Female,32,Anna University,2,2,0.61,"Crafts, baking",No
H00287,Manish,Ahmed,Male,28,Manipal Institute,2,2,0.9,"Cricket, coding",No
H00288,Sarah,Verma,Female,45,VIT Vellore,2,4,0.36,"Reading, painting",No
H00289,Manish,Hussain,Male,25,Anna University,2,2,0.46,Bike rides,Yes
H00290,Vikram,Verma,Male,39,VIT Vellore,2,10,0.5,"Gym, gaming",No
H00291,Riya,Sharma,Female,27,DTU Delhi,2,5,0.87,"Cooking, yoga",No
H00292,Faisal,Reddy,Male,25,VIT Vellore,2,4,0.47,"Football, gaming",Yes
H00293,Manish,Mirza,Male,21,DTU Delhi,2,2,0.63,"Cricket, coding",Yes
H00294,Faisal,Mehta,Male,35,VIT Vellore,2,5,0.8,"Cricket, coding",Yes
H00295,Rohan,Patel,Male,33,IIM Ahmedabad,1,0,0.77,"Gym, gaming",Yes
H00296,Ravi,Mirza,Male,32,Open University,3,5,0.83,"Gym, gaming",Yes
H00297,Pooja,Verma,Female,27,IIM Ahmedabad,1,4,0.93,"Crafts, baking",Yes
H00298,Imran,Rahman,Male,27,State University,3,2,0.6,"Cricket, coding",No
H00299,Karan,Nair,Male,33,DTU Delhi,2,9,0.48,"Gym, gaming",Yes
H00300,Amit,Hussain,Male,25,DTU Delhi,2,0,0.47,"Cricket, coding",No
H00301,Aisha,Ahmed,Female,22,Anna University,2,8,0.35,"Dancing, music",No
H00302,Pradeep,Verma,Male,36,IIM Ahmedabad,1,0,0.44,"Cricket, coding",Yes
H00303,Manish,Verma,Male,21,Jadavpur University,2,1,0.53,"Gym, gaming",Yes
H00304,Faisal,Verma,Male,37,Anna University,2,6,0.83,"Gym, gaming",No
H00305,Vikram,Iyer,Male,33,Anna University,2,3,0.4,"Cricket, coding",Yes
H00306,Joseph,Joshi,Male,22,IIT Bombay,1,0,0.97,"Cricket, coding",Yes
H00307,Karan,Sheikh,Male,38,VIT Vellore,2,5,0.9,Bike rides,No
H00308,Riya,Hussain,Female,26,Open University,3,4,0.38,"Crafts, baking",No
H00309,Faisal,Rahman,Male,29,Jadavpur University,2,8,0.53,Bike rides,Yes
H00310,Manish,Joshi,Male,28,Open University,3,0,0.64,Bike rides,No
H00311,Joseph,Verma,Male,39,Manipal Institute,2,5,0.46,"Cricket, coding",No
H00312,Karan,Gupta,Male,43,Manipal Institute,2,5,0.59,"Gym, gaming",Yes
H00313,Vikram,Joshi,Male,26,DTU Delhi,2,5,0.34,"Gym, gaming",No
H00314,Pradeep,Sharma,Male,31,Local Engineering College,3,0,0.52,"Gym, gaming",No
H00315,Joseph,Rao,Male,33,VIT Vellore,2,3,0.42,"Cricket, coding",No
H00316,Vikram,Gupta,Male,23,IIT Bombay,1,8,0.41,"Gym, gaming",Yes
H00317,Karan,Verma,Male,21,DTU Delhi,2,9,0.56,Bike rides,Yes
H00318,Rahul,Nair,Male,31,NIT Trichy,1,10,0.36,"Football, gaming",Yes
H00319,Divya,Reddy,Female,33,Open University,3,7,0.73,"Reading, painting",No
H00320,Vikram,Hussain,Male,40,State University,3,6,0.75,"Football, gaming",Yes
H00321,Suresh,Verma,Male,33,State University,3,2,0.55,Bike rides,Yes
H00322,Joseph,Sheikh,Male,28,Tier-3 Pvt College,3,0,0.77,"Cricket, coding",Yes
H00323,Karan,Verma,Male,23,IIT Bombay,1,10,0.39,"Football, gaming",Yes
H00324,Imran,Joshi,Male,43,Anna University,2,12,0.39,Bike rides,No
H00325,Pradeep,Verma,Male,32,IIT Delhi,1,3,0.89,Bike rides,Yes
H00326,Sunita,Ali,Female,43,Open University,3,4,0.39,"Dancing, music",No
H00327,Imran,Reddy,Male,21,State University,3,6,0.64,Bike rides,Yes
H00328,Riya,Mirza,Female,40,Manipal Institute,2,3,0.94,"Cooking, yoga",No
H00329,Faisal,Khan,Male,40,DTU Delhi,2,8,0.98,"Cricket, coding",Yes
H00330,Manish,Mirza,Male,33,State University,3,7,0.6,"Football, gaming",Yes
H00331,Suresh,Siddiqui,Male,45,Manipal Institute,2,2,0.74,"Football, gaming",Yes
H00332,Sunita,Joshi,Female,31,State University,3,6,0.61,"Dancing, music",No
H00333,Riya,Mehta,Female,33,Jadavpur University,2,4,0.88,"Cooking, yoga",No
H00334,Vikram,Mehta,Male,38,Open University,3,6,0.31,Bike rides,No
H00335,Pradeep,Rao,Male,38,Manipal Institute,2,5,0.95,"Gym, gaming",Yes
H00336,Amit,Sharma,Male,42,Manipal Institute,2,0,0.75,"Gym, gaming",Yes
H00337,Manish,Reddy,Male,42,Manipal Institute,2,0,0.44,"Cricket, coding",Yes
H00338,Suresh,Nair,Male,38,DTU Delhi,2,7,0.35,"Cricket, coding",No
H00339,Priya,Joshi,Female,23,Tier-3 Pvt College,3,5,0.62,"Reading, painting",No
H00340,Sunita,Mirza,Female,24,Jadavpur University,2,3,0.49,"Reading, painting",No
H00341,Rahul,Ali,Male,27,Manipal Institute,2,2,0.73,"Football, gaming",No
H00342,Imran,Reddy,Male,37,State University,3,0,0.64,Bike rides,Yes
H00343,Meera,Gupta,Female,37,Open University,3,4,0.75,"Reading, painting",No
H00344,Pradeep,Siddiqui,Male,45,Manipal Institute,2,5,0.75,"Cricket, coding",No
H00345,Amit,Sharma,Male,39,Manipal Institute,2,2,0.89,Bike rides,No
H00346,Aditya,Mirza,Male,38,State University,3,1,0.63,Bike rides,Yes
H00347,Mary,Joshi,Female,30,Anna University,2,2,0.34,"Dancing, music",No
H00348,Fatima,Ali,Female,25,Anna University,2,9,0.99,"Dancing, music",Yes
H00349,Suresh,Sheikh,Male,21,IIM Ahmedabad,1,1,0.91,"Football, gaming",Yes
H00350,Manish,Khan,Male,31,State University,3,8,0.7,"Football, gaming",Yes
H00351,Vikram,Siddiqui,Male,39,Tier-3 Pvt College,3,7,0.37,"Gym, gaming",No
H00352,Daniel,Patel,Male,42,DTU Delhi,2,1,0.4,"Football, gaming",No
H00353,Aditya,Rahman,Male,22,Manipal Institute,2,2,0.41,"Cricket, coding",Yes
H00354,Aditya,Sharma,Male,36,VIT Vellore,2,4,0.42,"Cricket, coding",No
H00355,Manish,Rao,Male,36,DTU Delhi,2,0,0.57,Bike rides,Yes
H00356,Daniel,Nair,Male,29,DTU Delhi,2,5,0.79,Bike rides,Yes
H00357,Aditya,Ali,Male,39,IIM Ahmedabad,1,2,0.87,"Football, gaming",No
H00358,Rohan,Joshi,Male,28,Local Engineering College,3,0,0.78,"Cricket, coding",No
H00359,Aditya,Sharma,Male,41,DTU Delhi,2,4,0.37,"Cricket, coding",Yes
H00360,Aditya,Ahmed,Male,31,Open University,3,3,0.76,Bike rides,Yes
H00361,Karan,Rao,Male,33,VIT Vellore,2,0,0.61,Bike rides,Yes
H00362,Rohan,Verma,Male,44,Manipal Institute,2,4,0.44,"Football, gaming",No
H00363,Manish,Reddy,Male,34,Open University,3,4,0.71,Bike rides,Yes
H00364,Amit,Mehta,Male,36,Tier-3 Pvt College,3,0,0.41,"Cricket, coding",No
H00365,Sandeep,Rahman,Male,33,Jadavpur University,2,0,0.38,Bike rides,No
H00366,Manish,Mirza,Male,30,Local Engineering College,3,3,0.34,"Football, gaming",Yes
H00367,Sandeep,Siddiqui,Male,40,Jadavpur University,2,7,0.98,"Football, gaming",Yes
H00368,Daniel,Khan,Male,21,VIT Vellore,2,2,0.38,Bike rides,No
H00369,Manish,Rao,Male,41,Jadavpur University,2,1,0.57,"Cricket, coding",No
H00370,Imran,Ahmed,Male,36,Tier-3 Pvt College,3,2,0.65,"Gym, gaming",No
H00371,Vikram,Gupta,Male,39,State University,3,3,0.63,"Football, gaming",Yes
H00372,Sunita,Iyer,Female,28,State University,3,4,0.56,"Reading, painting",No
H00373,Meera,Gupta,Female,29,Anna University,2,5,0.95,"Reading, painting",Yes
H00374,Sandeep,Verma,Male,36,Jadavpur University,2,3,0.42,"Football, gaming",No
H00375,Amit,Sheikh,Male,31,NIT Trichy,1,0,0.49,"Gym, gaming",No
H00376,Sunita,Siddiqui,Female,43,IIT Bombay,1,0,0.99,"Reading, painting",No
H00377,Rahul,Joshi,Male,44,IIT Delhi,1,4,0.39,"Gym, gaming",Yes
H00378,Karan,Verma,Male,24,State University,3,5,0.56,Bike rides,No
H00379,Vikram,Reddy,Male,36,VIT Vellore,2,1,0.78,"Gym, gaming",Yes
H00380,Amit,Patel,Male,25,Anna University,2,6,0.46,"Cricket, coding",Yes
H00381,Imran,Hussain,Male,26,State University,3,7,0.73,"Gym, gaming",Yes
H00382,Amit,Sharma,Male,27,Anna University,2,3,0.84,"Gym, gaming",No
H00383,Kavya,Iyer,Female,22,Jadavpur University,2,5,0.64,"Cooking, yoga",Yes
H00384,Sandeep,Iyer,Male,28,Local Engineering College,3,3,0.47,"Football, gaming",Yes
H00385,Manish,Mehta,Male,31,VIT Vellore,2,7,0.89,"Cricket, coding",No
H00386,Vikram,Mirza,Male,25,DTU Delhi,2,4,0.6,"Football, gaming",No
H00387,Rahul,Mehta,Male,31,IIT Bombay,1,4,0.78,"Football, gaming",Yes
H00388,Vikram,Patel,Male,43,IIT Bombay,1,0,0.61,Bike rides,Yes
H00389,Arjun,Iyer,Male,32,DTU Delhi,2,4,0.5,Bike rides,Yes
H00390,Karan,Siddiqui,Male,36,Jadavpur University,2,0,0.94,"Football, gaming",Yes
H00391,Aisha,Mirza,Female,40,Tier-3 Pvt College,3,3,0.6,"Reading, painting",Yes
H00392,Manish,Joshi,Male,33,Manipal Institute,2,4,0.36,Bike rides,No
H00393,Aditya,Joshi,Male,34,IIM Ahmedabad,1,0,0.56,"Football, gaming",Yes
H00394,Lakshmi,Verma,Female,38,Open University,3,3,0.34,"Cooking, yoga",No
H00395,Ravi,Ahmed,Male,21,State University,3,4,0.86,"Football, gaming",No
H00396,Aditya,Siddiqui,Male,37,Tier-3 Pvt College,3,4,0.74,Bike rides,No
H00397,Pradeep,Rahman,Male,28,Anna University,2,3,0.75,"Gym, gaming",Yes
H00398,Vikram,Iyer,Male,43,Manipal Institute,2,2,0.81,Bike rides,Yes
H00399,Sandeep,Sheikh,Male,45,Tier-3 Pvt College,3,2,0.6,"Football, gaming",Yes
H00400,Vikram,Hussain,Male,22,Tier-3 Pvt College,3,0,0.96,"Gym, gaming",Yes
H00401,Sarah,Nair,Female,22,IIT Delhi,1,3,0.68,"Cooking, yoga",Yes
H00402,Priya,Patel,Female,36,Anna University,2,1,0.85,"Dancing, music",No
H00403,Priya,Joshi,Female,44,IIT Delhi,1,0,0.42,"Dancing, music",No
H00404,Sunita,Verma,Female,42,DTU Delhi,2,2,0.5,"Reading, painting",No
H00405,Amit,Rao,Male,27,Tier-3 Pvt College,3,5,0.71,"Football, gaming",Yes
H00406,Karan,Gupta,Male,23,NIT Trichy,1,7,0.62,"Gym, gaming",Yes
H00407,Anjali,Rao,Female,28,VIT Vellore,2,2,0.75,"Cooking, yoga",Yes
H00408,Rohan,Patel,Male,23,Open University,3,4,0.83,Bike rides,No
H00409,Daniel,Siddiqui,Male,44,Local Engineering College,3,5,0.87,"Football, gaming",Yes
H00410,Daniel,Gupta,Male,38,NIT Trichy,1,4,0.67,"Football, gaming",Yes
H00411,Pradeep,Rahman,Male,29,Local Engineering College,3,10,0.94,"Cricket, coding",Yes
H00412,Faisal,Iyer,Male,22,NIT Trichy,1,2,0.35,"Football, gaming",No
H00413,Suresh,Gupta,Male,38,VIT Vellore,2,1,0.89,"Cricket, coding",No
H00414,Rahul,Reddy,Male,27,Jadavpur University,2,6,0.4,"Cricket, coding",Yes
H00415,Daniel,Patel,Male,23,DTU Delhi,2,2,0.51,"Gym, gaming",No
H00416,Faisal,Sharma,Male,45,State University,3,0,0.64,"Gym, gaming",No
H00417,Anjali,Mirza,Female,43,IIT Delhi,1,0,0.96,"Cooking, yoga",No
H00418,Amit,Ahmed,Male,33,Jadavpur University,2,6,0.36,"Football, gaming",Yes
H00419,Vikram,Khan,Male,44,VIT Vellore,2,4,0.54,"Football, gaming",No
H00420,Rahul,Sheikh,Male,39,BITS Pilani,1,1,0.6,"Cricket, coding",No
H00421,Fatima,Nair,Female,44,Local Engineering College,3,4,0.3,"Crafts, baking",No
H00422,Sandeep,Rahman,Male,42,State University,3,10,0.59,"Cricket, coding",Yes
H00423,Aditya,Verma,Male,24,Anna University,2,3,0.88,Bike rides,No
H00424,Vikram,Nair,Male,30,DTU Delhi,2,3,0.8,"Gym, gaming",No
H00425,Rahul,Ali,Male,45,Jadavpur University,2,1,0.84,"Gym, gaming",No
H00426,Ravi,Patel,Male,37,Jadavpur University,2,1,0.85,"Gym, gaming",No
H00427,Karan,Khan,Male,39,IIT Bombay,1,4,0.7,"Cricket, coding",No
H00428,Kavya,Reddy,Female,45,State University,3,0,0.51,"Cooking, yoga",No
H00429,Rohan,Sheikh,Male,40,Jadavpur University,2,1,0.38,"Gym, gaming",No
H00430,Ravi,Reddy,Male,44,Jadavpur University,2,4,0.96,"Cricket, coding",Yes
H00431,Faisal,Joshi,Male,37,NIT Trichy,1,4,0.99,"Football, gaming",No
H00432,Kavya,Iyer,Female,43,Anna University,2,0,0.54,"Cooking, yoga",No
H00433,Karan,Sheikh,Male,42,Jadavpur University,2,1,0.58,"Football, gaming",No
H00434,Pradeep,Sheikh,Male,24,VIT Vellore,2,5,0.84,Bike rides,Yes
H00435,Kavya,Mehta,Female,27,Open University,3,1,0.86,"Dancing, music",No
H00436,Rohan,Sharma,Male,26,VIT Vellore,2,3,0.3,"Gym, gaming",No
H00437,Lakshmi,Patel,Female,22,BITS Pilani,1,2,0.77,"Dancing, music",No
H00438,Priya,Verma,Female,23,DTU Delhi,2,3,0.73,"Dancing, music",Yes
H00439,Vikram,Khan,Male,22,VIT Vellore,2,6,0.91,"Gym, gaming",Yes
H00440,Rohan,Ahmed,Male,28,Manipal Institute,2,1,0.31,"Gym, gaming",No
H00441,Joseph,Reddy,Male,22,Open University,3,7,0.83,"Gym, gaming",No
H00442,Faisal,Sharma,Male,38,Open University,3,0,0.81,"Gym, gaming",No
H00443,Neha,Patel,Female,45,Local Engineering College,3,1,0.67,"Reading, painting",No
H00444,Ravi,Joshi,Male,23,Tier-3 Pvt College,3,6,0.55,"Cricket, coding",Yes
H00445,Lakshmi,Gupta,Female,35,DTU Delhi,2,2,1.0,"Cooking, yoga",No
H00446,Rahul,Sharma,Male,33,BITS Pilani,1,4,0.47,Bike rides,Yes
H00447,Faisal,Ali,Male,24,BITS Pilani,1,7,0.51,Bike rides,Yes
H00448,Rahul,Khan,Male,22,BITS Pilani,1,6,0.51,"Football, gaming",No
H00449,Manish,Nair,Male,22,VIT Vellore,2,1,0.58,"Football, gaming",No
H00450,Rekha,Mirza,Female,26,Local Engineering College,3,0,0.31,"Cooking, yoga",No
H00451,Neha,Gupta,Female,41,NIT Trichy,1,6,0.7,"Dancing, music",No
H00452,Ravi,Joshi,Male,45,VIT Vellore,2,2,0.91,"Cricket, coding",No
H00453,Neha,Siddiqui,Female,42,Open University,3,6,0.83,"Reading, painting",No
H00454,Daniel,Ali,Male,42,Local Engineering College,3,4,0.62,"Football, gaming",Yes
H00455,Riya,Ali,Female,37,State University,3,4,0.84,"Crafts, baking",No
H00456,Rahul,Reddy,Male,28,Manipal Institute,2,3,0.77,"Football, gaming",No
H00457,Faisal,Sharma,Male,45,Anna University,2,8,0.58,"Cricket, coding",No
H00458,Rahul,Patel,Male,39,NIT Trichy,1,2,0.58,"Gym, gaming",No
H00459,Fatima,Joshi,Female,34,Jadavpur University,2,3,0.31,"Cooking, yoga",Yes
H00460,Mary,Verma,Female,40,VIT Vellore,2,7,0.76,"Crafts, baking",No
H00461,Manish,Mirza,Male,30,Manipal Institute,2,6,0.81,"Football, gaming",Yes
H00462,Ravi,Siddiqui,Male,37,DTU Delhi,2,2,0.79,"Gym, gaming",Yes
H00463,Riya,Siddiqui,Female,33,Anna University,2,5,0.76,"Reading, painting",No
H00464,Joseph,Patel,Male,40,BITS Pilani,1,8,0.65,"Gym, gaming",Yes
H00465,Daniel,Mirza,Male,36,State University,3,4,0.66,"Cricket, coding",No
H00466,Imran,Mirza,Male,21,VIT Vellore,2,2,0.78,"Cricket, coding",Yes
H00467,Arjun,Ahmed,Male,45,Open University,3,3,0.62,"Football, gaming",Yes
H00468,Manish,Siddiqui,Male,26,Tier-3 Pvt College,3,1,0.9,Bike rides,Yes
H00469,Lakshmi,Hussain,Female,39,VIT Vellore,2,0,0.51,"Cooking, yoga",No
H00470,Manish,Ali,Male,28,State University,3,8,0.68,"Football, gaming",Yes
H00471,Vikram,Khan,Male,26,Manipal Institute,2,2,0.42,Bike rides,Yes
H00472,Neha,Ali,Female,39,VIT Vellore,2,0,0.54,"Dancing, music",Yes
H00473,Kavya,Siddiqui,Female,43,Manipal Institute,2,8,0.66,"Crafts, baking",No
H00474,Arjun,Khan,Male,45,Manipal Institute,2,4,0.88,"Cricket, coding",Yes
H00475,Aditya,Mirza,Male,39,IIT Bombay,1,7,0.42,"Cricket, coding",Yes
H00476,Sandeep,Mehta,Male,22,IIM Ahmedabad,1,1,0.45,Bike rides,Yes
H00477,Aditya,Khan,Male,31,VIT Vellore,2,3,0.92,"Gym, gaming",Yes
H00478,Kavya,Joshi,Female,34,Manipal Institute,2,1,0.33,"Dancing, music",No
H00479,Aditya,Nair,Male,45,Local Engineering College,3,4,0.57,"Football, gaming",No
H00480,Rohan,Iyer,Male,45,Manipal Institute,2,2,0.55,"Cricket, coding",No
H00481,Faisal,Ali,Male,26,Tier-3 Pvt College,3,0,0.84,"Gym, gaming",Yes
H00482,Daniel,Hussain,Male,38,Manipal Institute,2,1,0.9,"Cricket, coding",Yes
H00483,Imran,Mehta,Male,38,Jadavpur University,2,1,0.91,Bike rides,Yes
H00484,Aditya,Patel,Male,43,Manipal Institute,2,5,0.32,"Football, gaming",No
H00485,Suresh,Ahmed,Male,41,VIT Vellore,2,5,0.75,"Football, gaming",No
H00486,Sneha,Rao,Female,21,Anna University,2,4,0.32,"Cooking, yoga",No
H00487,Rahul,Gupta,Male,30,Jadavpur University,2,1,0.71,"Gym, gaming",Yes
H00488,Riya,Sheikh,Female,35,Open University,3,3,0.8,"Dancing, music",No
H00489,Arjun,Iyer,Male,32,State University,3,6,0.96,"Football, gaming",Yes
H00490,Neha,Siddiqui,Female,24,State University,3,2,0.89,"Cooking, yoga",Yes
H00491,Arjun,Nair,Male,40,BITS Pilani,1,3,0.66,"Gym, gaming",Yes
H00492,Ravi,Ahmed,Male,21,Anna University,2,0,0.58,"Football, gaming",No
H00493,Rahul,Ahmed,Male,36,Manipal Institute,2,3,0.74,"Gym, gaming",Yes
H00494,Rohan,Khan,Male,25,Jadavpur University,2,1,0.87,"Gym, gaming",Yes
H00495,Sandeep,Gupta,Male,33,IIT Delhi,1,2,0.75,"Cricket, coding",Yes
H00496,Amit,Hussain,Male,43,State University,3,0,0.97,"Football, gaming",Yes
H00497,Amit,Sheikh,Male,26,Open University,3,5,0.71,Bike rides,Yes
H00498,Sandeep,Reddy,Male,31,VIT Vellore,2,0,0.85,"Cricket, coding",Yes
H00499,Fatima,Sheikh,Female,24,Anna University,2,3,0.45,"Crafts, baking",No
H00500,Mary,Mehta,Female,29,Anna University,2,0,0.73,"Reading, painting",Yes
H00501,Ravi,Sharma,Male,26,Anna University,2,4,0.47,"Gym, gaming",No
H00502,Kavya,Rao,Female,36,Tier-3 Pvt College,3,4,0.4,"Cooking, yoga",Yes
H00503,Aditya,Iyer,Male,32,DTU Delhi,2,2,0.92,Bike rides,No
H00504,Ravi,Mirza,Male,37,Jadavpur University,2,3,0.61,"Cricket, coding",No
H00505,Faisal,Mirza,Male,32,NIT Trichy,1,3,0.89,"Football, gaming",Yes
H00506,Suresh,Joshi,Male,33,Jadavpur University,2,4,0.9,Bike rides,Yes
H00507,Rahul,Rao,Male,44,DTU Delhi,2,5,0.7,Bike rides,No
H00508,Amit,Rahman,Male,29,Jadavpur University,2,4,0.43,"Cricket, coding",No
H00509,Pradeep,Patel,Male,27,Anna University,2,10,0.4,"Football, gaming",Yes
H00510,Aditya,Rao,Male,26,BITS Pilani,1,8,0.59,"Cricket, coding",Yes
H00511,Vikram,Gupta,Male,24,DTU Delhi,2,5,0.38,"Football, gaming",Yes
H00512,Ravi,Joshi,Male,27,State University,3,5,0.33,"Cricket, coding",No
H00513,Arjun,Reddy,Male,35,Manipal Institute,2,4,0.84,Bike rides,Yes
H00514,Arjun,Siddiqui,Male,42,Jadavpur University,2,2,0.4,Bike rides,No
H00515,Imran,Iyer,Male,25,Anna University,2,7,0.71,Bike rides,No
H00516,Joseph,Patel,Male,44,Local Engineering College,3,8,0.86,"Cricket, coding",No
H00517,Faisal,Iyer,Male,45,Anna University,2,6,0.46,"Gym, gaming",Yes
H00518,Daniel,Ahmed,Male,38,Manipal Institute,2,0,0.57,"Cricket, coding",Yes
H00519,Vikram,Iyer,Male,21,BITS Pilani,1,6,0.55,"Cricket, coding",Yes
H00520,Manish,Verma,Male,26,DTU Delhi,2,2,0.61,"Football, gaming",Yes
H00521,Priya,Sheikh,Female,28,IIM Ahmedabad,1,0,0.37,"Dancing, music",No
H00522,Priya,Joshi,Female,43,Tier-3 Pvt College,3,2,0.32,"Reading, painting",Yes
H00523,Joseph,Rahman,Male,39,Open University,3,0,0.52,"Football, gaming",No
H00524,Faisal,Ahmed,Male,30,VIT Vellore,2,8,0.96,Bike rides,Yes
H00525,Manish,Hussain,Male,34,IIT Bombay,1,0,0.86,"Football, gaming",Yes
H00526,Daniel,Siddiqui,Male,28,BITS Pilani,1,2,0.49,"Football, gaming",Yes
H00527,Rohan,Siddiqui,Male,21,Manipal Institute,2,2,0.32,"Football, gaming",No
H00528,Ravi,Patel,Male,27,Anna University,2,4,0.62,"Cricket, coding",Yes
H00529,Imran,Patel,Male,22,Tier-3 Pvt College,3,1,0.49,Bike rides,Yes
H00530,Aditya,Rao,Male,21,BITS Pilani,1,6,0.43,Bike rides,Yes
H00531,Manish,Rahman,Male,21,Jadavpur University,2,5,0.77,"Cricket, coding",Yes
H00532,Ravi,Mehta,Male,34,Open University,3,4,0.88,"Football, gaming",Yes
H00533,Sandeep,Iyer,Male,43,Local Engineering College,3,12,0.58,"Gym, gaming",Yes
H00534,Priya,Patel,Female,24,NIT Trichy,1,5,0.64,"Crafts, baking",Yes
H00535,Arjun,Mehta,Male,39,Jadavpur University,2,8,0.83,Bike rides,Yes
H00536,Vikram,Khan,Male,26,NIT Trichy,1,5,0.73,"Football, gaming",No
H00537,Pradeep,Ali,Male,40,Anna University,2,1,0.44,"Gym, gaming",No
H00538,Lakshmi,Siddiqui,Female,44,Anna University,2,0,0.94,"Reading, painting",Yes
H00539,Rohan,Rahman,Male,36,VIT Vellore,2,4,0.53,"Cricket, coding",Yes
H00540,Suresh,Gupta,Male,40,DTU Delhi,2,5,0.35,Bike rides,Yes
H00541,Karan,Sharma,Male,27,Jadavpur University,2,0,0.89,"Football, gaming",Yes
H00542,Rahul,Sharma,Male,41,Tier-3 Pvt College,3,5,0.37,"Football, gaming",Yes
H00543,Ravi,Iyer,Male,24,BITS Pilani,1,8,0.68,Bike rides,No
H00544,Vikram,Siddiqui,Male,33,Tier-3 Pvt College,3,2,0.67,"Cricket, coding",No
H00545,Faisal,Mirza,Male,37,State University,3,1,0.65,"Gym, gaming",No
H00546,Rohan,Sharma,Male,29,Anna University,2,2,0.63,"Gym, gaming",No
H00547,Neha,Rao,Female,33,Manipal Institute,2,2,0.75,"Reading, painting",No
H00548,Pradeep,Mehta,Male,26,Anna University,2,3,0.69,"Cricket, coding",Yes
H00549,Pradeep,Verma,Male,29,IIM Ahmedabad,1,4,0.93,"Football, gaming",Yes
H00550,Faisal,Sheikh,Male,22,Jadavpur University,2,5,0.75,"Cricket, coding",Yes
H00551,Sandeep,Khan,Male,44,DTU Delhi,2,4,0.86,"Gym, gaming",Yes
H00552,Daniel,Nair,Male,40,Jadavpur University,2,0,0.47,Bike rides,No
H00553,Manish,Hussain,Male,37,DTU Delhi,2,2,0.54,"Gym, gaming",Yes
H00554,Sarah,Joshi,Female,41,Jadavpur University,2,4,0.68,"Reading, painting",No
H00555,Sandeep,Mehta,Male,38,Jadavpur University,2,4,0.61,Bike rides,Yes
H00556,Ravi,Patel,Male,34,IIT Bombay,1,4,0.36,"Football, gaming",Yes
H00557,Riya,Ahmed,Female,42,State University,3,10,0.8,"Reading, painting",Yes
H00558,Daniel,Sharma,Male,31,IIT Delhi,1,3,0.33,Bike rides,Yes
H00559,Joseph,Khan,Male,45,Local Engineering College,3,6,0.97,Bike rides,Yes
H00560,Aditya,Sheikh,Male,31,VIT Vellore,2,2,0.79,Bike rides,Yes
H00561,Joseph,Patel,Male,36,Open University,3,9,0.35,"Cricket, coding",No
H00562,Rohan,Siddiqui,Male,38,Local Engineering College,3,0,0.91,"Gym, gaming",No
H00563,Manish,Patel,Male,35,Jadavpur University,2,4,0.46,Bike rides,No
H00564,Lakshmi,Mehta,Female,38,Jadavpur University,2,2,0.73,"Cooking, yoga",No
H00565,Ravi,Nair,Male,37,Manipal Institute,2,1,0.53,Bike rides,No
H00566,Anjali,Gupta,Female,24,Jadavpur University,2,0,0.78,"Reading, painting",No
H00567,Sarah,Joshi,Female,43,Local Engineering College,3,3,0.36,"Reading, painting",No
H00568,Joseph,Rao,Male,34,Anna University,2,4,0.98,"Cricket, coding",Yes
H00569,Imran,Ahmed,Male,40,BITS Pilani,1,4,0.76,Bike rides,No
H00570,Manish,Reddy,Male,22,Anna University,2,4,1.0,Bike rides,No
H00571,Daniel,Sheikh,Male,36,Manipal Institute,2,4,0.31,Bike rides,Yes
H00572,Rekha,Hussain,Female,31,DTU Delhi,2,1,0.7,"Dancing, music",No
H00573,Divya,Mirza,Female,40,IIT Delhi,1,4,0.48,"Crafts, baking",No
H00574,Neha,Sheikh,Female,31,Local Engineering College,3,9,0.38,"Dancing, music",No
H00575,Rohan,Sharma,Male,43,Open University,3,5,0.42,Bike rides,Yes
H00576,Ravi,Sheikh,Male,36,Anna University,2,5,0.52,"Cricket, coding",No
H00577,Joseph,Sharma,Male,24,IIM Ahmedabad,1,3,0.56,Bike rides,Yes
H00578,Joseph,Verma,Male,21,Local Engineering College,3,2,0.38,"Gym, gaming",No
H00579,Karan,Rao,Male,23,NIT Trichy,1,6,0.95,"Football, gaming",No
H00580,Karan,Sheikh,Male,29,Open University,3,2,0.35,"Football, gaming",No
H00581,Manish,Joshi,Male,44,Open University,3,2,0.79,"Gym, gaming",No
H00582,Ravi,Siddiqui,Male,32,State University,3,6,0.56,Bike rides,No
H00583,Karan,Gupta,Male,42,VIT Vellore,2,0,0.55,Bike rides,Yes
H00584,Daniel,Mehta,Male,30,Manipal Institute,2,3,0.76,Bike rides,No
H00585,Sneha,Gupta,Female,25,State University,3,11,0.5,"Crafts, baking",No
H00586,Vikram,Hussain,Male,35,Open University,3,0,0.83,"Cricket, coding",No
H00587,Rahul,Rahman,Male,26,NIT Trichy,1,0,0.87,"Gym, gaming",Yes
H00588,Rohan,Patel,Male,40,State University,3,2,0.88,Bike rides,Yes
H00589,Rohan,Ali,Male,40,State University,3,2,0.88,Bike rides,No
H00590,Sandeep,Nair,Male,21,IIT Bombay,1,7,0.66,"Gym, gaming",Yes
H00591,Vikram,Sheikh,Male,32,Tier-3 Pvt College,3,3,0.97,Bike rides,Yes
H00592,Amit,Siddiqui,Male,32,Anna University,2,10,0.72,"Cricket, coding",Yes
H00593,Kavya,Sharma,Female,41,Manipal Institute,2,4,0.4,"Crafts, baking",No
H00594,Manish,Siddiqui,Male,44,Jadavpur University,2,8,0.7,"Gym, gaming",No
H00595,Karan,Verma,Male,30,Tier-3 Pvt College,3,0,0.89,"Football, gaming",Yes
H00596,Karan,Mehta,Male,33,DTU Delhi,2,4,0.9,"Gym, gaming",No
H00597,Karan,Rao,Male,38,Jadavpur University,2,0,0.47,"Football, gaming",Yes
H00598,Pradeep,Sharma,Male,33,State University,3,5,0.96,"Cricket, coding",No
H00599,Rohan,Siddiqui,Male,27,IIT Bombay,1,5,0.43,"Cricket, coding",No
H00600,Joseph,Hussain,Male,34,DTU Delhi,2,4,0.94,"Gym, gaming",No
H00601,Vikram,Nair,Male,27,DTU Delhi,2,2,0.46,Bike rides,No
H00602,Vikram,Mirza,Male,45,BITS Pilani,1,10,0.49,"Cricket, coding",Yes
H00603,Imran,Gupta,Male,22,IIT Bombay,1,0,0.94,"Football, gaming",Yes
H00604,Mary,Ali,Female,35,Tier-3 Pvt College,3,5,0.31,"Reading, painting",No
H00605,Lakshmi,Sheikh,Female,29,IIT Bombay,1,6,0.56,"Reading, painting",No
H00606,Sandeep,Nair,Male,21,Tier-3 Pvt College,3,2,0.37,Bike rides,No
H00607,Arjun,Ahmed,Male,45,VIT Vellore,2,0,0.51,"Cricket, coding",Yes
H00608,Joseph,Reddy,Male,33,DTU Delhi,2,5,0.67,"Gym, gaming",Yes
H00609,Aditya,Rahman,Male,37,Open University,3,4,0.32,"Gym, gaming",Yes
H00610,Vikram,Hussain,Male,33,NIT Trichy,1,2,0.47,"Football, gaming",No
H00611,Faisal,Hussain,Male,41,Jadavpur University,2,4,0.31,"Football, gaming",No
H00612,Faisal,Iyer,Male,23,Tier-3 Pvt College,3,2,0.53,Bike rides,No
H00613,Pradeep,Hussain,Male,30,State University,3,1,0.43,"Football, gaming",Yes
H00614,Karan,Mehta,Male,23,Jadavpur University,2,4,0.58,"Cricket, coding",Yes
H00615,Karan,Rahman,Male,31,DTU Delhi,2,0,0.92,Bike rides,No
H00616,Karan,Gupta,Male,38,Manipal Institute,2,5,0.56,"Football, gaming",Yes
H00617,Karan,Sharma,Male,39,IIM Ahmedabad,1,3,0.7,"Football, gaming",Yes
H00618,Imran,Sheikh,Male,29,Open University,3,4,0.42,"Cricket, coding",Yes
H00619,Neha,Mirza,Female,26,Tier-3 Pvt College,3,8,0.5,"Reading, painting",Yes
H00620,Rahul,Reddy,Male,43,Anna University,2,0,0.47,"Cricket, coding",No
H00621,Faisal,Sharma,Male,36,IIM Ahmedabad,1,8,0.83,"Football, gaming",Yes
H00622,Arjun,Reddy,Male,35,Local Engineering College,3,2,0.99,"Football, gaming",Yes
H00623,Rohan,Ahmed,Male,28,Open University,3,7,0.44,"Football, gaming",Yes
H00624,Mary,Sharma,Female,21,Tier-3 Pvt College,3,5,0.93,"Reading, painting",No
H00625,Suresh,Siddiqui,Male,43,Manipal Institute,2,4,0.86,"Gym, gaming",Yes
H00626,Amit,Sheikh,Male,32,IIM Ahmedabad,1,8,0.5,"Gym, gaming",No
H00627,Vikram,Mirza,Male,25,State University,3,5,0.36,"Football, gaming",Yes
H00628,Karan,Ahmed,Male,45,Jadavpur University,2,0,0.58,"Cricket, coding",Yes
H00629,Divya,Ahmed,Female,35,VIT Vellore,2,0,0.59,"Reading, painting",No
H00630,Daniel,Verma,Male,44,VIT Vellore,2,9,0.71,"Cricket, coding",No
H00631,Aisha,Siddiqui,Female,37,IIM Ahmedabad,1,6,0.46,"Dancing, music",No
H00632,Rohan,Khan,Male,31,BITS Pilani,1,3,0.95,"Football, gaming",Yes
H00633,Imran,Ahmed,Male,23,Anna University,2,6,0.81,"Football, gaming",Yes
H00634,Imran,Khan,Male,24,IIM Ahmedabad,1,7,0.81,"Football, gaming",No
H00635,Vikram,Gupta,Male,35,Open University,3,11,0.31,Bike rides,No
H00636,Ravi,Ali,Male,22,VIT Vellore,2,8,0.42,"Football, gaming",Yes
H00637,Sandeep,Khan,Male,29,DTU Delhi,2,0,0.93,"Cricket, coding",Yes
H00638,Sarah,Verma,Female,21,BITS Pilani,1,0,0.83,"Reading, painting",Yes
H00639,Amit,Reddy,Male,32,Tier-3 Pvt College,3,0,0.54,"Gym, gaming",Yes
H00640,Rekha,Gupta,Female,45,VIT Vellore,2,6,0.89,"Crafts, baking",No
H00641,Faisal,Ahmed,Male,41,IIT Delhi,1,1,0.33,"Gym, gaming",Yes
H00642,Amit,Nair,Male,45,State University,3,0,0.78,"Football, gaming",Yes
H00643,Rohan,Rao,Male,34,NIT Trichy,1,2,0.35,Bike rides,No
H00644,Riya,Khan,Female,40,VIT Vellore,2,0,0.97,"Dancing, music",No
H00645,Faisal,Khan,Male,25,BITS Pilani,1,4,0.97,"Football, gaming",Yes
H00646,Daniel,Siddiqui,Male,22,BITS Pilani,1,4,0.8,"Gym, gaming",Yes
H00647,Sandeep,Rahman,Male,37,VIT Vellore,2,2,0.76,Bike rides,Yes
H00648,Faisal,Joshi,Male,21,BITS Pilani,1,0,0.62,"Cricket, coding",Yes
H00649,Rahul,Ahmed,Male,21,IIT Delhi,1,6,0.39,"Gym, gaming",Yes
H00650,Manish,Reddy,Male,39,IIT Delhi,1,3,0.76,"Cricket, coding",Yes
H00651,Imran,Gupta,Male,23,IIT Bombay,1,0,0.92,"Football, gaming",Yes
H00652,Daniel,Mirza,Male,29,VIT Vellore,2,2,0.92,"Football, gaming",Yes
H00653,Sandeep,Iyer,Male,40,Tier-3 Pvt College,3,6,0.98,"Gym, gaming",Yes
H00654,Sunita,Khan,Female,39,Local Engineering College,3,2,0.42,"Crafts, baking",No
H00655,Sandeep,Joshi,Male,34,VIT Vellore,2,5,0.4,Bike rides,Yes
H00656,Manish,Hussain,Male,35,State University,3,0,0.3,"Gym, gaming",Yes
H00657,Neha,Joshi,Female,43,Local Engineering College,3,5,0.97,"Reading, painting",No
H00658,Rahul,Patel,Male,32,Local Engineering College,3,6,0.67,"Gym, gaming",No
H00659,Aditya,Sheikh,Male,24,Open University,3,4,0.69,"Football, gaming",No
H00660,Sunita,Rahman,Female,26,Local Engineering College,3,6,0.57,"Reading, painting",No
H00661,Imran,Joshi,Male,36,Jadavpur University,2,4,0.99,"Cricket, coding",Yes
H00662,Rahul,Mirza,Male,29,Manipal Institute,2,3,0.91,"Football, gaming",No
H00663,Pradeep,Reddy,Male,21,NIT Trichy,1,4,0.39,"Cricket, coding",Yes
H00664,Anjali,Mehta,Female,23,Anna University,2,6,0.99,"Cooking, yoga",No
H00665,Kavya,Patel,Female,34,Tier-3 Pvt College,3,0,0.79,"Cooking, yoga",No
H00666,Karan,Verma,Male,41,DTU Delhi,2,1,0.49,"Cricket, coding",Yes
H00667,Ravi,Rahman,Male,32,State University,3,3,0.56,"Cricket, coding",Yes
H00668,Karan,Mirza,Male,23,DTU Delhi,2,2,0.59,"Gym, gaming",Yes
H00669,Rohan,Ahmed,Male,43,State University,3,6,0.62,"Gym, gaming",No
H00670,Sandeep,Iyer,Male,45,IIT Bombay,1,2,0.76,"Football, gaming",Yes
H00671,Sneha,Rahman,Female,30,Jadavpur University,2,10,0.71,"Cooking, yoga",Yes
H00672,Fatima,Joshi,Female,44,Manipal Institute,2,5,0.35,"Crafts, baking",No
H00673,Vikram,Rao,Male,24,DTU Delhi,2,1,0.69,Bike rides,No
H00674,Joseph,Hussain,Male,45,Local Engineering College,3,3,0.57,"Gym, gaming",No
H00675,Joseph,Ahmed,Male,32,NIT Trichy,1,2,0.48,"Football, gaming",Yes
H00676,Amit,Nair,Male,40,State University,3,8,0.7,Bike rides,Yes
H00677,Joseph,Reddy,Male,35,IIT Delhi,1,1,0.88,"Football, gaming",Yes
H00678,Amit,Sheikh,Male,42,IIM Ahmedabad,1,6,0.96,Bike rides,Yes
H00679,Rohan,Siddiqui,Male,44,Jadavpur University,2,7,0.82,"Gym, gaming",Yes
H00680,Suresh,Patel,Male,42,Anna University,2,2,0.48,"Cricket, coding",No
H00681,Pooja,Nair,Female,35,State University,3,7,0.56,"Cooking, yoga",Yes
H00682,Amit,Verma,Male,43,DTU Delhi,2,1,0.79,Bike rides,No
H00683,Joseph,Sharma,Male,32,Tier-3 Pvt College,3,1,0.81,Bike rides,No
H00684,Lakshmi,Mehta,Female,44,Tier-3 Pvt College,3,6,0.96,"Dancing, music",No
H00685,Pradeep,Mehta,Male,33,Jadavpur University,2,4,0.86,"Gym, gaming",Yes
H00686,Vikram,Reddy,Male,31,DTU Delhi,2,1,0.67,"Football, gaming",No
H00687,Aisha,Mirza,Female,23,State University,3,4,0.53,"Dancing, music",No
H00688,Ravi,Reddy,Male,24,State University,3,0,0.31,Bike rides,Yes
H00689,Aditya,Mehta,Male,26,Manipal Institute,2,8,0.49,"Cricket, coding",Yes
H00690,Meera,Gupta,Female,30,Tier-3 Pvt College,3,5,0.45,"Reading, painting",No
H00691,Ravi,Joshi,Male,24,Local Engineering College,3,8,0.81,"Gym, gaming",No
H00692,Neha,Iyer,Female,24,NIT Trichy,1,4,0.61,"Dancing, music",Yes
H00693,Manish,Reddy,Male,34,Open University,3,3,0.76,"Gym, gaming",Yes
H00694,Rahul,Sharma,Male,43,Manipal Institute,2,9,0.91,"Cricket, coding",Yes
H00695,Ravi,Iyer,Male,39,Manipal Institute,2,2,0.3,Bike rides,No
H00696,Rohan,Ahmed,Male,25,Local Engineering College,3,5,0.32,Bike rides,Yes
H00697,Rohan,Verma,Male,21,Open University,3,5,0.39,Bike rides,Yes
H00698,Amit,Gupta,Male,34,IIM Ahmedabad,1,2,0.46,"Football, gaming",No
H00699,Joseph,Mirza,Male,41,Anna University,2,10,0.44,"Cricket, coding",Yes
H00700,Karan,Mirza,Male,45,DTU Delhi,2,3,0.72,"Cricket, coding",Yes
H00701,Pradeep,Joshi,Male,32,IIM Ahmedabad,1,6,0.93,"Cricket, coding",No
H00702,Karan,Hussain,Male,28,VIT Vellore,2,3,0.93,"Cricket, coding",Yes
H00703,Pradeep,Joshi,Male,32,VIT Vellore,2,2,0.55,"Football, gaming",Yes
H00704,Rohan,Siddiqui,Male,35,IIT Delhi,1,4,0.57,"Gym, gaming",No
H00705,Rahul,Rao,Male,33,IIT Bombay,1,2,0.37,"Cricket, coding",No
H00706,Rahul,Patel,Male,36,Anna University,2,4,0.95,Bike rides,Yes
H00707,Joseph,Rahman,Male,27,Manipal Institute,2,5,0.98,"Cricket, coding",No
H00708,Pooja,Reddy,Female,43,DTU Delhi,2,5,0.83,"Dancing, music",Yes
H00709,Karan,Reddy,Male,26,Tier-3 Pvt College,3,1,0.87,Bike rides,Yes
H00710,Joseph,Joshi,Male,41,Open University,3,5,0.91,"Cricket, coding",Yes
H00711,Rohan,Mehta,Male,33,Anna University,2,3,0.3,Bike rides,Yes
H00712,Suresh,Gupta,Male,41,VIT Vellore,2,9,0.31,"Football, gaming",Yes
H00713,Joseph,Verma,Male,37,Open University,3,4,0.63,Bike rides,Yes
H00714,Manish,Rahman,Male,22,Manipal Institute,2,9,0.7,"Cricket, coding",No
H00715,Faisal,Patel,Male,34,Tier-3 Pvt College,3,7,0.94,Bike rides,Yes
H00716,Vikram,Ali,Male,39,Tier-3 Pvt College,3,5,0.62,"Gym, gaming",Yes
H00717,Pradeep,Sharma,Male,25,IIT Delhi,1,2,0.31,"Gym, gaming",Yes
H00718,Vikram,Iyer,Male,30,IIT Delhi,1,4,0.7,"Gym, gaming",No
H00719,Ravi,Siddiqui,Male,39,Anna University,2,11,0.63,"Football, gaming",Yes
H00720,Pradeep,Joshi,Male,23,State University,3,5,0.39,"Gym, gaming",No
H00721,Imran,Mirza,Male,38,Jadavpur University,2,2,0.75,"Cricket, coding",No
H00722,Suresh,Rao,Male,24,Anna University,2,5,0.53,"Cricket, coding",Yes
H00723,Imran,Reddy,Male,28,IIT Bombay,1,6,0.55,"Football, gaming",No
H00724,Joseph,Mehta,Male,30,Anna University,2,7,0.86,Bike rides,Yes
H00725,Arjun,Iyer,Male,34,Open University,3,1,0.77,"Gym, gaming",No
H00726,Ravi,Hussain,Male,30,Local Engineering College,3,5,0.59,"Cricket, coding",Yes
H00727,Rohan,Mehta,Male,31,BITS Pilani,1,4,0.45,"Cricket, coding",Yes
H00728,Manish,Sheikh,Male,40,BITS Pilani,1,6,0.61,"Football, gaming",No
H00729,Faisal,Iyer,Male,39,VIT Vellore,2,3,0.56,"Gym, gaming",No
H00730,Faisal,Gupta,Male,26,Anna University,2,4,0.59,"Cricket, coding",Yes
H00731,Vikram,Khan,Male,40,Jadavpur University,2,1,0.7,Bike rides,No
H00732,Suresh,Sheikh,Male,42,Manipal Institute,2,1,0.98,Bike rides,No
H00733,Aisha,Joshi,Female,30,Local Engineering College,3,4,0.38,"Cooking, yoga",No
H00734,Manish,Mehta,Male,39,VIT Vellore,2,1,0.7,Bike rides,No
H00735,Rahul,Iyer,Male,28,IIM Ahmedabad,1,2,0.81,"Cricket, coding",No
H00736,Manish,Gupta,Male,28,IIT Bombay,1,3,1.0,"Gym, gaming",Yes
H00737,Aditya,Rahman,Male,45,IIM Ahmedabad,1,2,0.54,Bike rides,No
H00738,Sarah,Khan,Female,36,State University,3,9,0.9,"Cooking, yoga",Yes
H00739,Suresh,Mehta,Male,39,Manipal Institute,2,3,0.81,"Cricket, coding",Yes
H00740,Pooja,Ahmed,Female,24,IIT Bombay,1,4,0.44,"Crafts, baking",No
H00741,Faisal,Mirza,Male,43,VIT Vellore,2,2,0.77,"Gym, gaming",No
H00742,Daniel,Patel,Male,39,DTU Delhi,2,6,0.48,Bike rides,Yes
H00743,Imran,Ali,Male,33,DTU Delhi,2,4,0.56,"Cricket, coding",Yes
H00744,Daniel,Reddy,Male,42,Local Engineering College,3,7,0.9,"Cricket, coding",Yes
H00745,Manish,Sheikh,Male,27,DTU Delhi,2,2,0.8,"Gym, gaming",Yes
H00746,Joseph,Siddiqui,Male,21,IIM Ahmedabad,1,8,0.8,"Cricket, coding",Yes
H00747,Rohan,Iyer,Male,41,BITS Pilani,1,1,0.63,"Cricket, coding",No
H00748,Imran,Verma,Male,25,Manipal Institute,2,4,0.96,"Cricket, coding",Yes
H00749,Manish,Sheikh,Male,33,Anna University,2,4,0.83,"Cricket, coding",Yes
H00750,Karan,Joshi,Male,21,IIT Delhi,1,0,0.53,"Football, gaming",Yes
H00751,Riya,Sharma,Female,28,BITS Pilani,1,2,0.78,"Crafts, baking",No
H00752,Arjun,Hussain,Male,34,BITS Pilani,1,4,0.73,Bike rides,No
H00753,Rohan,Reddy,Male,29,VIT Vellore,2,10,0.42,"Cricket, coding",No
H00754,Manish,Rahman,Male,26,VIT Vellore,2,6,0.49,"Cricket, coding",Yes
H00755,Ravi,Patel,Male,39,Local Engineering College,3,8,0.97,"Cricket, coding",Yes
H00756,Anjali,Hussain,Female,44,Manipal Institute,2,6,0.76,"Crafts, baking",No
H00757,Rekha,Rahman,Female,31,Open University,3,8,0.72,"Cooking, yoga",No
H00758,Faisal,Siddiqui,Male,28,Anna University,2,7,0.41,"Gym, gaming",No
H00759,Vikram,Reddy,Male,25,DTU Delhi,2,5,0.78,"Gym, gaming",Yes
H00760,Manish,Mirza,Male,44,State University,3,0,0.64,"Cricket, coding",No
H00761,Vikram,Reddy,Male,24,IIT Bombay,1,5,0.62,"Football, gaming",Yes
H00762,Daniel,Verma,Male,42,Local Engineering College,3,3,0.62,"Football, gaming",No
H00763,Rohan,Joshi,Male,40,IIT Bombay,1,0,0.48,Bike rides,Yes
H00764,Aditya,Rahman,Male,24,IIT Delhi,1,1,0.93,"Gym, gaming",No
H00765,Ravi,Reddy,Male,26,IIM Ahmedabad,1,4,0.42,Bike rides,No
H00766,Joseph,Rao,Male,27,Local Engineering College,3,5,0.78,"Cricket, coding",Yes
H00767,Suresh,Hussain,Male,21,Jadavpur University,2,0,0.95,"Football, gaming",Yes
H00768,Rahul,Sharma,Male,32,Anna University,2,4,0.84,Bike rides,Yes
H00769,Imran,Rao,Male,42,Manipal Institute,2,0,0.58,"Cricket, coding",Yes
H00770,Mary,Sheikh,Female,28,Anna University,2,0,0.94,"Crafts, baking",No
H00771,Faisal,Iyer,Male,21,Anna University,2,3,0.87,"Cricket, coding",Yes
H00772,Rahul,Iyer,Male,39,DTU Delhi,2,5,0.53,"Gym, gaming",Yes
H00773,Imran,Khan,Male,45,Jadavpur University,2,1,0.62,"Cricket, coding",No
H00774,Suresh,Reddy,Male,22,DTU Delhi,2,5,0.53,Bike rides,No
H00775,Imran,Gupta,Male,27,DTU Delhi,2,4,0.9,"Football, gaming",Yes
H00776,Sandeep,Reddy,Male,23,Local Engineering College,3,7,0.42,"Cricket, coding",Yes
H00777,Sneha,Ahmed,Female,44,DTU Delhi,2,3,0.91,"Crafts, baking",No
H00778,Aisha,Sharma,Female,24,Local Engineering College,3,0,0.67,"Dancing, music",No
H00779,Suresh,Nair,Male,45,IIT Bombay,1,6,0.7,"Gym, gaming",Yes
H00780,Sandeep,Khan,Male,37,Anna University,2,4,0.75,Bike rides,No
H00781,Suresh,Gupta,Male,40,VIT Vellore,2,4,0.38,"Cricket, coding",No
H00782,Karan,Reddy,Male,23,IIT Bombay,1,8,0.51,"Football, gaming",Yes
H00783,Manish,Siddiqui,Male,27,Local Engineering College,3,3,0.66,"Football, gaming",Yes
H00784,Sunita,Iyer,Female,45,Jadavpur University,2,7,0.72,"Dancing, music",No
H00785,Rahul,Mirza,Male,43,NIT Trichy,1,6,0.6,"Gym, gaming",Yes
H00786,Rahul,Sharma,Male,22,IIT Delhi,1,4,0.82,Bike rides,Yes
H00787,Aditya,Sharma,Male,31,Manipal Institute,2,4,0.92,"Cricket, coding",Yes
H00788,Faisal,Siddiqui,Male,43,BITS Pilani,1,1,0.89,"Cricket, coding",Yes
H00789,Rohan,Verma,Male,35,Anna University,2,5,0.61,"Cricket, coding",No
H00790,Amit,Mirza,Male,40,State University,3,6,0.45,"Gym, gaming",Yes
H00791,Imran,Gupta,Male,41,Open University,3,5,0.47,Bike rides,No
H00792,Vikram,Rao,Male,25,VIT Vellore,2,6,0.44,"Cricket, coding",No
H00793,Sandeep,Ahmed,Male,26,Jadavpur University,2,3,0.63,"Football, gaming",Yes
H00794,Rekha,Ali,Female,24,Anna University,2,2,0.83,"Dancing, music",No
H00795,Aditya,Mehta,Male,28,State University,3,0,0.59,"Gym, gaming",No
H00796,Faisal,Sheikh,Male,39,State University,3,4,0.68,Bike rides,Yes
H00797,Arjun,Iyer,Male,43,Manipal Institute,2,2,0.67,"Cricket, coding",No
H00798,Aditya,Iyer,Male,31,Manipal Institute,2,0,0.73,"Cricket, coding",Yes
H00799,Manish,Sheikh,Male,41,Anna University,2,3,0.71,"Football, gaming",Yes
H00800,Karan,Sheikh,Male,34,Manipal Institute,2,0,0.34,"Gym, gaming",No
H00801,Arjun,Siddiqui,Male,21,Jadavpur University,2,0,0.65,Bike rides,No
H00802,Aisha,Ali,Female,29,NIT Trichy,1,5,0.44,"Dancing, music",Yes
H00803,Suresh,Hussain,Male,37,Tier-3 Pvt College,3,5,0.68,"Football, gaming",No
H00804,Arjun,Mehta,Male,30,Jadavpur University,2,8,0.42,"Gym, gaming",No
H00805,Rahul,Gupta,Male,22,IIT Delhi,1,4,0.58,"Football, gaming",Yes
H00806,Manish,Siddiqui,Male,29,DTU Delhi,2,3,0.84,"Football, gaming",Yes
H00807,Amit,Verma,Male,31,Jadavpur University,2,0,0.82,Bike rides,No
H00808,Aditya,Siddiqui,Male,32,VIT Vellore,2,2,0.31,"Gym, gaming",No
H00809,Anjali,Sharma,Female,27,IIM Ahmedabad,1,3,0.58,"Dancing, music",No
H00810,Faisal,Ali,Male,30,IIM Ahmedabad,1,0,0.84,"Cricket, coding",No
H00811,Aisha,Sheikh,Female,35,Jadavpur University,2,4,0.94,"Reading, painting",No
H00812,Rohan,Sharma,Male,24,VIT Vellore,2,0,0.6,"Football, gaming",Yes
H00813,Suresh,Nair,Male,29,NIT Trichy,1,6,0.49,Bike rides,No
H00814,Joseph,Ahmed,Male,26,DTU Delhi,2,2,0.56,"Cricket, coding",Yes
H00815,Meera,Rahman,Female,25,Anna University,2,4,0.9,"Reading, painting",No
H00816,Amit,Nair,Male,35,Tier-3 Pvt College,3,2,0.65,"Gym, gaming",No
H00817,Suresh,Khan,Male,32,Jadavpur University,2,2,0.89,"Cricket, coding",Yes
H00818,Pradeep,Patel,Male,25,Manipal Institute,2,4,0.45,"Cricket, coding",No
H00819,Anjali,Sharma,Female,44,VIT Vellore,2,0,0.95,"Reading, painting",No
H00820,Sandeep,Iyer,Male,41,Open University,3,0,0.41,Bike rides,No
