applicant_id,first_name,surname,gender,age,religion,pincode,income,credit_score,loan_amount,approved
L00001,Sandeep,Iyer,Male,36,Hindu,110015,,712,232323,No
L00002,Arjun,Nair,Male,57,Hindu,110005,66443,803,992059,Yes
L00003,Imran,Mirza,Male,39,Muslim,110006,90122,850,846765,Yes
L00004,Aditya,Siddiqui,Male,46,Muslim,110055,73325,715,1260795,Yes
L00005,Sandeep,Ahmed,Male,28,Muslim,110053,34954,747,826325,No
L00006,Rahul,Verma,Male,56,Hindu,110015,53047,626,510566,No
L00007,Mary,Sharma,Female,47,Hindu,110084,53085,741,495910,No
L00008,Pooja,Iyer,Female,37,Hindu,110010,54020,568,1932871,No
L00009,Sneha,Joshi,Female,25,Hindu,110010,64254,640,1300760,Yes
L00010,Priya,Mehta,Female,65,Hindu,110008,48080,546,1661868,No
L00011,Rahul,Iyer,Male,54,Hindu,110015,98121,585,1327103,Yes
L00012,Arjun,George,Male,60,Christian,110053,52772,695,171477,Yes
L00013,Karan,Ahmed,Male,30,Muslim,110092,22466,496,1879624,No
L00014,Aisha,Sheikh,Female,47,Muslim,110092,91202,676,996835,Yes
L00015,Sandeep,Gupta,Male,22,Hindu,110001,86851,734,1852786,Yes
L00016,Karan,Mehta,Male,58,Hindu,110010,38443,649,449318,Yes
L00017,Aditya,Sharma,Male,25,Hindu,110005,36367,727,451793,Yes
L00018,Vikram,Gupta,Male,50,Hindu,110015,72547,514,1803276,Yes
L00019,Rekha,Rao,Female,52,Hindu,110010,60715,768,54520,No
L00020,Rekha,Rao,Female,31,Hindu,110015,61459,738,177837,No
L00021,Rahul,Mehta,Male,25,Hindu,110015,64907,671,192524,No
L00022,Rohan,Fernandes,Male,61,Christian,400054,86842,744,596865,Yes
L00023,Ravi,Iyer,Male,42,Hindu,110015,107844,589,1230683,No
L00024,Vikram,Reddy,Male,37,Hindu,110008,45003,718,1332781,No
L00025,Suresh,Mehta,Male,64,Hindu,110001,95807,791,1606960,Yes
L00026,Manish,Sheikh,Male,54,Muslim,110006,15000,694,1380190,No
L00027,Rahul,Hussain,Male,50,Muslim,110006,29968,649,1902008,No
L00028,Karan,Mehta,Male,49,Hindu,110001,69941,735,1935181,Yes
L00029,Daniel,Mehta,Male,61,Hindu,110005,54812,474,1727484,No
L00030,Daniel,Rahman,Male,64,Muslim,110006,84964,556,852248,No
L00031,Faisal,Siddiqui,Male,41,Muslim,110053,76710,515,885643,No
L00032,Lakshmi,Mehta,Female,65,Hindu,110055,85773,666,424483,No
L00033,Imran,Reddy,Male,49,Hindu,110015,31497,613,448624,No
L00034,Amit,George,Male,45,Christian,110084,15000,771,1441224,No
L00035,Imran,Rao,Male,47,Hindu,110010,44648,571,1470438,No
L00036,Suresh,Sharma,Male,40,Hindu,110008,65864,833,1025150,Yes
L00037,Vikram,Ali,Male,40,Muslim,110053,19771,667,1460954,No
L00038,Vikram,Joshi,Male,51,Hindu,110010,24728,744,1086784,Yes
L00039,Daniel,D'Souza,Male,36,Christian,400050,83261,850,1218964,Yes
L00040,Ravi,Rahman,Male,61,Muslim,110092,75950,505,985148,No
L00041,Manish,Gupta,Male,55,Hindu,110008,36598,686,541768,Yes
L00042,Joseph,Gupta,Male,31,Hindu,110015,52536,648,1027114,No
L00043,Arjun,George,Male,58,Christian,400061,53013,686,1839810,No
L00044,Pradeep,Sheikh,Male,36,Muslim,110066,50860,782,1568718,Yes
L00045,Joseph,Sharma,Male,59,Hindu,110005,49612,671,1867919,No
L00046,Imran,Reddy,Male,46,Hindu,110001,44148,850,1036304,Yes
L00047,Anjali,Verma,Female,23,Hindu,110005,70842,661,550265,Yes
L00048,Faisal,Iyer,Male,32,Hindu,110005,,536,702295,No
L00049,Joseph,Rao,Male,34,Hindu,110001,89011,743,1512119,No
L00050,Rohan,Nair,Male,44,Hindu,110008,18977,652,76533,No
L00051,Karan,Chamar,Male,49,Other,110094,68591,777,1744916,No
L00052,Imran,Hussain,Male,37,Muslim,110053,60170,646,1623862,No
L00053,Rahul,Reddy,Male,53,Hindu,110015,65539,836,1520488,No
L00054,Daniel,Gupta,Male,53,Hindu,110010,37566,657,989890,No
L00055,Faisal,Iyer,Male,52,Hindu,110084,33336,652,787800,No
L00056,Imran,Gupta,Male,29,Hindu,110005,52255,459,503791,No
L00057,Aditya,Hussain,Male,34,Muslim,110092,48222,761,315463,Yes
L00058,Pradeep,Patel,Male,28,Hindu,110010,77762,595,764512,Yes
L00059,Lakshmi,Verma,Female,53,Hindu,110005,86479,736,1751088,No
L00060,Riya,Rao,Female,55,Hindu,110015,15055,814,949321,No
L00061,Amit,Sheikh,Male,38,Muslim,110006,47202,635,378272,Yes
L00062,Suresh,Gupta,Male,40,Hindu,110008,46993,585,1702195,No
L00063,Riya,Verma,Female,63,Hindu,110001,66647,736,397965,No
L00064,Kavya,Thomas,Female,51,Christian,110094,40425,550,1085563,No
L00065,Priya,Hussain,Female,27,Muslim,110092,59944,813,93506,No
L00066,Pradeep,Patel,Male,55,Hindu,110015,22716,516,964117,No
L00067,Imran,Reddy,Male,64,Hindu,110010,66720,712,654436,No
L00068,Mary,Verma,Female,38,Hindu,110015,25558,850,1779997,No
L00069,Faisal,Gupta,Male,61,Hindu,110005,56417,553,610057,No
L00070,Arjun,Verma,Male,62,Hindu,110015,40669,637,78677,No
L00071,Kavya,Thomas,Female,63,Christian,400070,69492,588,1529355,No
L00072,Pooja,Mehta,Female,46,Hindu,110005,67327,793,1861995,Yes
L00073,Fatima,Mehta,Female,22,Hindu,110010,50686,754,1864582,Yes
L00074,Joseph,Mehta,Male,51,Hindu,110092,101037,605,853148,Yes
L00075,Joseph,Mirza,Male,64,Muslim,110006,64561,553,314757,No
L00076,Kavya,Siddiqui,Female,55,Muslim,110053,58718,671,206926,No
L00077,Imran,Verma,Male,65,Hindu,110010,70503,611,1879519,No
L00078,Sandeep,Iyer,Male,27,Hindu,110001,44583,696,980461,Yes
L00079,Suresh,Sharma,Male,44,Hindu,110015,45093,715,1479839,No
L00080,Pradeep,Sheikh,Male,59,Muslim,110055,72298,758,1448466,Yes
L00081,Sneha,Patel,Female,50,Hindu,110010,124768,589,1497692,No
L00082,Aditya,Joshi,Male,37,Hindu,110008,37676,737,96010,No
L00083,Pradeep,Sharma,Male,40,Hindu,110005,57911,615,1385084,Yes
L00084,Kavya,Ali,Female,62,Muslim,110092,41971,618,815169,No
L00085,Amit,Ali,Male,30,Muslim,110092,66626,500,1965721,No
L00086,Mary,Joseph,Female,29,Christian,400052,45302,687,1853845,No
L00087,Vikram,Rahman,Male,47,Muslim,110055,85887,689,1275911,No
L00088,Arjun,Joshi,Male,61,Hindu,110006,78974,603,1382538,No
L00089,Rohan,Patel,Male,24,Hindu,110015,45244,778,334508,Yes
L00090,Meera,Mehta,Female,59,Hindu,110001,54296,627,1798381,No
L00091,Divya,Reddy,Female,50,Hindu,110008,37748,702,1191827,No
L00092,Ravi,Verma,Male,27,Hindu,110001,36336,569,156070,No
L00093,Amit,Verma,Male,59,Hindu,110005,,850,1703905,No
L00094,Fatima,Patel,Female,33,Hindu,110008,93667,795,1706717,No
L00095,Daniel,Patel,Male,55,Hindu,110008,61846,701,1126338,No
L00096,Suresh,Mehta,Male,51,Hindu,400061,51093,662,1488850,Yes
L00097,Karan,Joseph,Male,26,Christian,400054,79550,769,848814,No
L00098,Aditya,Verma,Male,63,Hindu,110005,30045,554,951922,No
L00099,Aditya,Rao,Male,42,Hindu,110005,21867,739,1490368,No
L00100,Sarah,Verma,Female,30,Hindu,110008,23839,638,1455119,Yes
L00101,Suresh,Khan,Male,60,Muslim,110053,50528,718,1427275,No
L00102,Manish,Verma,Male,58,Hindu,110015,58950,774,1336756,Yes
L00103,Arjun,Iyer,Male,33,Hindu,400050,48824,830,430435,No
L00104,Vikram,Sharma,Male,55,Hindu,110008,60669,771,703550,No
L00105,Karan,Sharma,Male,32,Hindu,110010,55222,651,1438186,No
L00106,Aditya,Mehta,Male,44,Hindu,110010,36543,711,1155060,No
L00107,Amit,Sharma,Male,41,Hindu,110008,95199,628,738122,Yes
L00108,Sandeep,Mehta,Male,54,Hindu,110010,20371,631,1857250,No
L00109,Daniel,Reddy,Male,58,Hindu,110010,25510,752,93739,No
L00110,Sneha,Reddy,Female,49,Hindu,110015,65443,624,214934,No
L00111,Vikram,Patel,Male,54,Hindu,110008,34410,597,786309,No
L00112,Fatima,Patel,Female,34,Hindu,110001,61658,725,421502,No
L00113,Ravi,Nair,Male,65,Hindu,110015,83642,626,727816,No
L00114,Suresh,Joshi,Male,39,Hindu,110010,35451,634,997732,Yes
L00115,Joseph,Verma,Male,51,Hindu,110001,15000,571,993159,No
L00116,Karan,Mehta,Male,25,Hindu,110001,,730,1108115,No
L00117,Rahul,Dom,Male,45,Other,110084,40779,732,1473751,No
L00118,Joseph,Verma,Male,40,Hindu,110052,54387,850,749110,Yes
L00119,Pooja,Rao,Female,60,Hindu,110008,52309,643,1755372,Yes
L00120,Sneha,Dom,Female,63,Other,110084,40720,585,428038,No
L00121,Pooja,Patel,Female,26,Hindu,110015,42502,832,1801373,No
L00122,Joseph,Ali,Male,31,Muslim,110053,79709,824,1562430,Yes
L00123,Suresh,Joshi,Male,50,Hindu,400052,56854,746,821418,No
L00124,Daniel,Mirza,Male,32,Muslim,110055,73337,532,159428,No
L00125,Aditya,Mehta,Male,40,Hindu,110015,67773,706,359012,No
L00126,Priya,Rahman,Female,48,Muslim,110006,82883,714,836248,No
L00127,Karan,Rahman,Male,30,Muslim,110053,109222,727,1641405,No
L00128,Amit,Iyer,Male,31,Hindu,110001,16581,636,1677751,No
L00129,Ravi,Nair,Male,26,Hindu,110001,96621,805,1375305,Yes
L00130,Faisal,Nair,Male,37,Hindu,110015,40459,655,806240,Yes
L00131,Arjun,Dom,Male,46,Other,110084,60218,660,581943,No
L00132,Imran,Verma,Male,30,Hindu,110005,85207,711,1791440,No
L00133,Vikram,Patel,Male,51,Hindu,110001,71324,693,711852,No
L00134,Anjali,Iyer,Female,63,Hindu,110008,63497,758,622976,Yes
L00135,Mary,Mirza,Female,33,Muslim,110084,25678,682,1730129,Yes
L00136,Suresh,Paswan,Male,42,Other,110086,72814,728,1313789,No
L00137,Daniel,Reddy,Male,39,Hindu,110010,26669,557,811918,No
L00138,Ravi,Nair,Male,24,Hindu,110008,,727,852903,No
L00139,Faisal,Reddy,Male,50,Hindu,110010,57681,562,709314,No
L00140,Joseph,Siddiqui,Male,57,Muslim,110053,86888,784,1333199,Yes
L00141,Ravi,Verma,Male,33,Hindu,110008,76818,621,1450561,No
L00142,Rahul,Fernandes,Male,45,Christian,400052,,677,546471,No
L00143,Karan,Mehta,Male,61,Hindu,110010,61887,657,1152463,No
L00144,Vikram,Reddy,Male,50,Hindu,110015,25516,703,1391745,No
L00145,Aditya,Sharma,Male,55,Hindu,110005,63583,724,775662,No
L00146,Manish,Gupta,Male,30,Hindu,110005,30597,592,1291112,No
L00147,Rohan,Rahman,Male,23,Muslim,110055,108140,787,1415518,Yes
L00148,Suresh,Mehta,Male,63,Hindu,110010,82655,652,673764,No
L00149,Amit,Joshi,Male,43,Hindu,110008,38036,631,886169,Yes
L00150,Aditya,Joshi,Male,39,Hindu,110010,41908,695,1862282,No
L00151,Mary,Reddy,Female,34,Hindu,110010,,574,1893555,No
L00152,Divya,Gupta,Female,59,Hindu,110010,50149,703,649257,No
L00153,Faisal,Mathew,Male,47,Christian,400052,38161,747,810267,No
L00154,Aditya,Hussain,Male,30,Muslim,110055,79711,665,1219858,No
L00155,Rohan,Mehta,Male,24,Hindu,110015,93357,714,1008374,Yes
L00156,Rahul,Joseph,Male,47,Christian,400054,95923,671,1113916,No
L00157,Faisal,Sharma,Male,43,Hindu,110001,22807,456,1301810,No
L00158,Anjali,Sheikh,Female,59,Muslim,110066,24757,693,359908,No
L00159,Arjun,Sheikh,Male,50,Muslim,110066,49418,727,1102391,No
L00160,Pooja,Khan,Female,55,Muslim,110092,60870,756,840258,No
L00161,Fatima,Reddy,Female,61,Hindu,110008,15000,702,521580,No
L00162,Mary,Siddiqui,Female,52,Muslim,110055,21122,850,653538,Yes
L00163,Karan,Manjhi,Male,40,Other,110086,115166,738,1425673,Yes
L00164,Manish,Mehta,Male,30,Hindu,110001,86784,773,1454743,No
L00165,Pradeep,Reddy,Male,28,Hindu,110066,49303,635,1419215,No
L00166,Imran,Iyer,Male,40,Hindu,110015,21776,523,537001,No
L00167,Meera,Fernandes,Female,33,Christian,400061,61224,670,440723,No
L00168,Aisha,Khan,Female,58,Muslim,110066,15000,555,1394929,No
L00169,Fatima,Siddiqui,Female,34,Muslim,110055,63091,604,1557009,No
L00170,Neha,Gupta,Female,61,Hindu,110015,87975,529,737712,No
L00171,Sandeep,Reddy,Male,22,Hindu,110008,53759,745,683226,Yes
L00172,Rohan,Gupta,Male,64,Hindu,110015,70764,732,1985893,No
L00173,Faisal,Iyer,Male,61,Hindu,110010,66438,850,1618113,No
L00174,Amit,George,Male,37,Christian,400070,40737,570,986898,No
L00175,Divya,Mehta,Female,58,Hindu,110010,40405,667,293772,No
L00176,Rohan,Thomas,Male,51,Christian,400070,72501,748,1019677,No
L00177,Amit,Sharma,Male,59,Hindu,110015,78531,721,176365,No
L00178,Neha,Rao,Female,30,Hindu,110010,61871,432,835301,No
L00179,Sneha,Thomas,Female,65,Christian,400054,104652,639,298791,No
L00180,Arjun,Sheikh,Male,23,Muslim,110066,82624,666,1165545,No
L00181,Aditya,Gupta,Male,24,Hindu,110001,64514,592,554713,Yes
L00182,Sandeep,Sharma,Male,24,Hindu,110001,40068,717,343885,Yes
L00183,Mary,Rahman,Female,37,Muslim,110053,50557,727,917298,No
L00184,Meera,Ali,Female,57,Muslim,110086,15000,686,1697951,No
L00185,Pradeep,Patel,Male,37,Hindu,110010,67358,618,1968351,Yes
L00186,Sandeep,Rao,Male,38,Hindu,400050,65422,804,1173309,Yes
L00187,Rohan,Nair,Male,26,Hindu,110015,71040,821,505116,Yes
L00188,Amit,D'Souza,Male,34,Christian,110053,67136,669,1508834,No
L00189,Lakshmi,Iyer,Female,51,Hindu,110015,31936,662,1901390,No
L00190,Divya,Reddy,Female,45,Hindu,110005,52054,705,84015,Yes
L00191,Amit,Patel,Male,43,Hindu,110015,59065,795,1422812,No
L00192,Sunita,Joshi,Female,32,Hindu,110015,52483,596,1074073,No
L00193,Anjali,George,Female,26,Christian,400061,89955,634,338340,No
L00194,Ravi,Mehta,Male,45,Hindu,400061,88086,727,82991,Yes
L00195,Suresh,Iyer,Male,23,Hindu,110005,16324,678,274429,No
L00196,Faisal,Iyer,Male,39,Hindu,400070,57826,644,560043,No
L00197,Vikram,Khan,Male,47,Muslim,110006,31983,758,1523973,Yes
L00198,Rohan,Ahmed,Male,36,Muslim,110066,67080,850,618527,Yes
L00199,Anjali,George,Female,33,Christian,110052,74585,646,1627591,No
L00200,Riya,Nair,Female,58,Hindu,110008,67588,602,854983,No
L00201,Anjali,Rahman,Female,28,Muslim,110092,15000,746,1299081,No
L00202,Pradeep,Joshi,Male,36,Hindu,110015,18290,848,1435529,Yes
L00203,Vikram,Verma,Male,39,Hindu,110010,77321,797,714122,Yes
L00204,Kavya,Iyer,Female,30,Hindu,110015,77653,729,905730,Yes
L00205,Joseph,Reddy,Male,22,Hindu,110015,48562,766,1948357,No
L00206,Karan,Patel,Male,39,Hindu,110010,45797,779,628733,Yes
L00207,Pradeep,Gupta,Male,60,Hindu,110001,34441,613,879826,No
L00208,Meera,Reddy,Female,63,Hindu,110005,68347,672,1054556,No
L00209,Riya,Joshi,Female,42,Hindu,110001,22231,796,1232480,Yes
L00210,Ravi,Khan,Male,35,Muslim,110066,35784,708,1461336,No
L00211,Joseph,Rao,Male,26,Hindu,110015,22965,718,1112443,No
L00212,Vikram,Reddy,Male,28,Hindu,110015,59348,549,142896,No
L00213,Daniel,Manjhi,Male,28,Other,110094,74303,684,1220197,No
L00214,Karan,Nair,Male,44,Hindu,110001,83703,678,293415,No
L00215,Pradeep,Gupta,Male,44,Hindu,110008,28454,694,190874,Yes
L00216,Rahul,Ahmed,Male,37,Muslim,110066,23482,668,1018997,No
L00217,Joseph,Rao,Male,23,Hindu,110010,50899,494,865447,No
L00218,Aditya,Ahmed,Male,56,Muslim,110055,63567,753,1456562,No
L00219,Joseph,Nair,Male,59,Hindu,110005,72542,735,1756532,No
L00220,Mary,Patel,Female,29,Hindu,110005,55894,724,1121277,No
L00221,Rahul,Joshi,Male,57,Hindu,110010,65298,744,1348996,Yes
L00222,Pradeep,Rao,Male,48,Hindu,110010,,594,400755,Yes
L00223,Riya,Iyer,Female,56,Hindu,110010,44521,832,1202859,No
L00224,Rohan,Reddy,Male,50,Hindu,110005,,601,674340,No
L00225,Ravi,Ahmed,Male,29,Muslim,110092,57948,614,1495217,No
L00226,Amit,Patel,Male,35,Hindu,110015,66087,570,1179879,Yes
L00227,Aditya,Mehta,Male,30,Hindu,400052,97684,643,1520998,No
L00228,Pradeep,Mirza,Male,31,Muslim,110066,37516,646,208369,No
L00229,Faisal,Iyer,Male,51,Hindu,110001,76182,655,1582875,No
L00230,Amit,Mirza,Male,49,Muslim,110055,68236,586,758323,No
L00231,Anjali,Khan,Female,28,Muslim,110053,21596,557,975443,No
L00232,Suresh,Paswan,Male,32,Other,110084,91030,549,575104,Yes
L00233,Sandeep,Iyer,Male,49,Hindu,110010,33180,563,213449,No
L00234,Aditya,Reddy,Male,49,Hindu,110001,45185,583,1582521,No
L00235,Karan,Rao,Male,63,Hindu,110001,68867,677,1329932,No
L00236,Meera,Patel,Female,61,Hindu,110001,35761,515,343628,No
L00237,Karan,Manjhi,Male,37,Other,110094,53231,717,1562423,No
L00238,Amit,Hussain,Male,55,Muslim,110006,42347,643,1693751,No
L00239,Vikram,Joshi,Male,55,Hindu,110008,57981,670,326788,Yes
L00240,Pradeep,Patel,Male,26,Hindu,110001,64297,683,1984789,Yes
L00241,Daniel,Mehta,Male,49,Hindu,110015,51907,644,370194,Yes
L00242,Imran,Patel,Male,47,Hindu,110001,18670,601,700472,No
L00243,Meera,Verma,Female,29,Hindu,110005,22206,715,300490,Yes
L00244,Manish,Reddy,Male,32,Hindu,110001,26158,787,1667806,No
L00245,Vikram,Iyer,Male,53,Hindu,110015,32305,703,399975,No
L00246,Sandeep,Verma,Male,54,Hindu,110001,104450,682,1039362,Yes
L00247,Daniel,Valmiki,Male,36,Other,110084,43690,764,1782241,Yes
L00248,Sandeep,Fernandes,Male,55,Christian,400061,116634,653,1866201,Yes
L00249,Faisal,Sharma,Male,34,Hindu,110005,43682,832,1022924,Yes
L00250,Pooja,Sheikh,Female,22,Muslim,110006,60011,671,752582,Yes
L00251,Divya,Ahmed,Female,55,Muslim,110008,80939,670,245091,Yes
L00252,Sunita,Reddy,Female,27,Hindu,110010,29072,628,206930,No
L00253,Manish,Iyer,Male,42,Hindu,110008,77329,639,717015,No
L00254,Kavya,Nair,Female,31,Hindu,110001,76516,740,1173915,No
L00255,Vikram,Verma,Male,32,Hindu,110015,62538,608,134577,Yes
L00256,Joseph,Rahman,Male,54,Muslim,110053,75077,702,115183,No
L00257,Ravi,Verma,Male,28,Hindu,110005,59557,633,324129,Yes
L00258,Manish,D'Souza,Male,26,Christian,110053,64041,684,242893,No
L00259,Rohan,Joshi,Male,32,Hindu,110010,78668,635,111828,No
L00260,Manish,Joseph,Male,50,Christian,400052,59936,664,1407441,Yes
L00261,Joseph,Iyer,Male,30,Hindu,110005,23654,742,1372787,No
L00262,Pradeep,Reddy,Male,56,Hindu,110008,,598,864494,No
L00263,Rohan,Iyer,Male,52,Hindu,110006,15000,651,569793,No
L00264,Riya,D'Souza,Female,58,Christian,400052,80457,547,419309,No
L00265,Priya,Nair,Female,44,Hindu,110005,85462,642,1804680,No
L00266,Rohan,Joshi,Male,27,Hindu,110010,86829,722,51433,Yes
L00267,Mary,Patel,Female,25,Hindu,110092,87915,696,1854954,No
L00268,Aditya,Nair,Male,43,Hindu,110010,50672,726,1710614,No
L00269,Sandeep,Rahman,Male,64,Muslim,110055,,650,317068,Yes
L00270,Rohan,Nair,Male,33,Hindu,110092,15000,558,268334,No
L00271,Neha,Reddy,Female,62,Hindu,110008,63098,654,986650,Yes
L00272,Arjun,Verma,Male,25,Hindu,400061,24384,776,1899207,Yes
L00273,Sandeep,Nair,Male,32,Hindu,110001,15000,728,718397,Yes
L00274,Vikram,Fernandes,Male,57,Christian,400070,,591,1923231,No
L00275,Neha,Rao,Female,25,Hindu,110015,68641,716,1564223,No
L00276,Rohan,Verma,Male,47,Hindu,110008,15000,604,58001,No
L00277,Aditya,Gupta,Male,23,Hindu,400050,64524,803,696663,No
L00278,Lakshmi,Mehta,Female,33,Hindu,110001,38111,743,602171,No
L00279,Kavya,Patel,Female,27,Hindu,110015,32649,537,527128,No
L00280,Rekha,Mehta,Female,58,Hindu,110001,75928,610,1102983,No
L00281,Aditya,Paswan,Male,50,Other,110005,88584,850,139497,Yes
L00282,Manish,Paswan,Male,42,Other,110086,101926,573,1216780,No
L00283,Daniel,Sharma,Male,29,Hindu,110001,42837,706,1989714,Yes
L00284,Meera,Rahman,Female,38,Muslim,110006,33613,749,411129,No
L00285,Joseph,Sharma,Male,43,Hindu,110008,52097,653,1931211,Yes
L00286,Kavya,Joshi,Female,36,Hindu,110008,99914,850,615014,No
L00287,Pradeep,Rao,Male,55,Hindu,110005,86143,556,187608,No
L00288,Rahul,Khan,Male,34,Muslim,110006,66846,637,1007242,Yes
L00289,Joseph,Joshi,Male,62,Hindu,110010,88470,616,1295799,No
L00290,Rahul,Reddy,Male,38,Hindu,110010,54750,542,154125,No
L00291,Divya,Sheikh,Female,39,Muslim,110006,37608,591,1044253,No
L00292,Suresh,Iyer,Male,63,Hindu,110010,46563,850,578479,Yes
L00293,Aditya,Nair,Male,22,Hindu,110008,18256,670,1227460,No
L00294,Imran,Verma,Male,39,Hindu,110008,23457,541,445019,No
L00295,Mary,Mirza,Female,65,Muslim,110055,58620,695,594056,No
L00296,Divya,Nair,Female,43,Hindu,110010,52397,616,1951123,No
L00297,Rahul,Mehta,Male,40,Hindu,110015,65697,707,1649955,No
L00298,Sarah,Gupta,Female,36,Hindu,110008,54221,602,829474,No
L00299,Sneha,Nair,Female,52,Hindu,110010,77628,612,1161151,No
L00300,Mary,Gupta,Female,48,Hindu,110055,107666,664,1858571,No
L00301,Imran,Patel,Male,62,Hindu,110005,80620,715,1258544,No
L00302,Meera,Nair,Female,62,Hindu,110001,31093,720,129115,No
L00303,Divya,George,Female,23,Christian,400054,39411,566,704504,No
L00304,Suresh,Sharma,Male,40,Hindu,110010,25852,709,1912216,No
L00305,Neha,Gupta,Female,47,Hindu,110006,72690,687,1286675,No
L00306,Manish,Mirza,Male,56,Muslim,110006,30990,595,1420630,No
L00307,Manish,Verma,Male,52,Hindu,110001,49949,621,681486,No
L00308,Daniel,Patel,Male,28,Hindu,110001,20422,670,1093834,Yes
L00309,Faisal,Gupta,Male,48,Hindu,110005,53007,704,1493268,No
L00310,Pradeep,Verma,Male,31,Hindu,110001,96299,631,1947459,Yes
L00311,Anjali,Joshi,Female,28,Hindu,110008,74678,511,1731068,No
L00312,Arjun,Khan,Male,30,Muslim,110066,47082,632,1354023,No
L00313,Joseph,Verma,Male,47,Hindu,110010,74357,663,1727509,No
L00314,Rahul,Sharma,Male,28,Hindu,110010,26126,740,430130,No
L00315,Pradeep,Ali,Male,53,Muslim,110055,74522,740,1423579,Yes
L00316,Imran,Sheikh,Male,55,Muslim,110053,16583,659,1060679,No
L00317,Arjun,Khan,Male,63,Muslim,110066,82184,637,1873296,Yes
L00318,Rohan,Iyer,Male,54,Hindu,110005,61125,807,215319,Yes
L00319,Imran,Siddiqui,Male,29,Muslim,110066,96038,661,914736,Yes
L00320,Divya,Hussain,Female,63,Muslim,110006,25983,485,1762510,No
L00321,Faisal,Joshi,Male,50,Hindu,110008,86821,779,794780,No
L00322,Rohan,Verma,Male,32,Hindu,110010,15000,687,274314,Yes
L00323,Ravi,Sheikh,Male,34,Muslim,110092,52526,637,308409,No
L00324,Pradeep,Fernandes,Male,22,Christian,110086,47254,674,1988546,No
L00325,Aditya,Patel,Male,46,Hindu,110010,36266,577,928003,No
L00326,Aisha,Reddy,Female,50,Hindu,110015,59601,633,676866,No
L00327,Amit,Sheikh,Male,35,Muslim,110053,40275,627,1539809,No
L00328,Aditya,Reddy,Male,44,Hindu,110086,24442,634,1463991,No
L00329,Aditya,Khan,Male,23,Muslim,110055,48951,700,1623252,No
L00330,Suresh,Sharma,Male,35,Hindu,110001,55144,656,1342073,No
L00331,Riya,Mirza,Female,54,Muslim,110006,64576,522,1992979,No
L00332,Anjali,Mehta,Female,22,Hindu,110010,54330,619,1790601,No
L00333,Amit,Nair,Male,34,Hindu,110005,50718,734,414474,No
L00334,Karan,Iyer,Male,32,Hindu,110005,38426,645,133761,Yes
L00335,Suresh,George,Male,53,Christian,400054,62841,569,1151833,No
L00336,Joseph,Rao,Male,27,Hindu,110008,24693,831,806647,Yes
L00337,Arjun,Mehta,Male,29,Hindu,110094,41758,594,561342,No
L00338,Joseph,D'Souza,Male,38,Christian,110092,35262,661,1733628,No
L00339,Vikram,Reddy,Male,28,Hindu,110001,86026,850,1364773,Yes
L00340,Kavya,Mirza,Female,35,Muslim,400050,,647,1616343,No
L00341,Rohan,Verma,Male,33,Hindu,110005,63762,569,1960477,No
L00342,Joseph,Sharma,Male,65,Hindu,110001,57002,686,1635364,No
L00343,Kavya,Mehta,Female,40,Hindu,110010,59863,605,849882,No
L00344,Joseph,Patel,Male,56,Hindu,110008,45114,802,73383,Yes
L00345,Joseph,Nair,Male,56,Hindu,110008,44920,668,494044,Yes
L00346,Manish,Gupta,Male,34,Hindu,110001,83019,768,1835489,No
L00347,Suresh,Verma,Male,64,Hindu,110010,65363,696,743844,Yes
L00348,Amit,Verma,Male,42,Hindu,110015,32782,687,369595,No
L00349,Imran,Sharma,Male,37,Hindu,110008,63766,541,1811838,No
L00350,Faisal,Joshi,Male,41,Hindu,110001,43038,683,1815367,Yes
L00351,Sneha,Verma,Female,23,Hindu,110015,75693,576,899628,No
L00352,Pradeep,Mehta,Male,63,Hindu,110015,58761,595,1587688,No
L00353,Arjun,Reddy,Male,64,Hindu,110052,59499,850,1637976,Yes
L00354,Karan,Mathew,Male,52,Christian,400052,61663,670,181829,Yes
L00355,Joseph,Reddy,Male,52,Hindu,110008,99919,588,266478,No
L00356,Neha,Hussain,Female,46,Muslim,110006,41437,609,1133520,No
L00357,Pradeep,Reddy,Male,52,Hindu,110010,57183,673,397300,Yes
L00358,Faisal,Patel,Male,60,Hindu,110008,52440,635,1560485,Yes
L00359,Arjun,Rao,Male,37,Hindu,110015,86444,711,132189,No
L00360,Joseph,George,Male,60,Christian,400054,89957,655,229827,Yes
L00361,Daniel,Gupta,Male,60,Hindu,110015,75629,772,1433383,Yes
L00362,Vikram,George,Male,36,Christian,400070,45397,713,1852694,No
L00363,Rekha,Patel,Female,61,Hindu,110001,15000,571,245433,No
L00364,Daniel,Mirza,Male,45,Muslim,110066,82311,581,1705818,No
L00365,Kavya,Mathew,Female,49,Christian,400050,73977,756,644053,No
L00366,Aditya,Sharma,Male,55,Hindu,110008,91413,685,907410,Yes
L00367,Daniel,Mehta,Male,58,Hindu,110005,41664,734,916602,Yes
L00368,Manish,Joshi,Male,41,Hindu,110005,16903,607,1843062,No
L00369,Aditya,Ali,Male,35,Muslim,110092,15000,671,1511835,No
L00370,Karan,Verma,Male,52,Hindu,110005,,636,827697,Yes
L00371,Suresh,Dom,Male,60,Other,110086,95313,734,970591,Yes
L00372,Anjali,Gupta,Female,60,Hindu,110001,,670,804429,No
L00373,Faisal,Chamar,Male,64,Other,110044,28744,753,1977654,Yes
L00374,Sarah,Joseph,Female,39,Christian,400061,64528,850,1255666,Yes
L00375,Suresh,Mehta,Male,43,Hindu,110094,97585,626,574584,No
L00376,Ravi,Rahman,Male,65,Muslim,110006,22767,709,590687,Yes
L00377,Mary,Gupta,Female,48,Hindu,110008,83966,650,570633,No
L00378,Neha,Mehta,Female,52,Hindu,110005,48141,738,1614803,No
L00379,Manish,Gupta,Male,35,Hindu,110008,61181,849,377146,Yes
L00380,Arjun,Thomas,Male,56,Christian,400054,101847,634,1082512,No
L00381,Manish,Patel,Male,47,Hindu,110010,,796,1053109,No
L00382,Ravi,Ali,Male,29,Muslim,110006,46132,585,1463696,No
L00383,Rahul,Iyer,Male,57,Hindu,400054,53402,751,435694,Yes
L00384,Manish,Rao,Male,50,Hindu,110005,60652,723,1757481,Yes
L00385,Amit,Rao,Male,31,Hindu,110001,67663,539,420372,No
L00386,Mary,Mehta,Female,53,Hindu,110010,45064,789,257565,No
L00387,Sunita,Verma,Female,43,Hindu,110008,53550,764,771714,Yes
L00388,Neha,Paswan,Female,40,Other,110086,32063,786,1915694,Yes
L00389,Imran,Fernandes,Male,48,Christian,400050,32906,593,215909,No
L00390,Joseph,Iyer,Male,39,Hindu,110094,88163,578,1142481,No
L00391,Manish,Gupta,Male,27,Hindu,110010,61166,767,1200148,Yes
L00392,Manish,Valmiki,Male,61,Other,110084,75444,788,530994,Yes
L00393,Arjun,Patel,Male,24,Hindu,110010,29359,527,1029775,No
L00394,Rahul,Mehta,Male,59,Hindu,110015,26126,606,962213,No
L00395,Sandeep,Mehta,Male,27,Hindu,110008,32716,710,72137,Yes
L00396,Priya,Joshi,Female,53,Hindu,110010,81900,646,1723453,No
L00397,Daniel,Rao,Male,47,Hindu,110010,55025,822,512615,Yes
L00398,Suresh,Hussain,Male,63,Muslim,110006,52979,516,432535,No
L00399,Pradeep,Nair,Male,34,Hindu,110053,48831,726,264483,Yes
L00400,Karan,Verma,Male,22,Hindu,110010,32148,683,828876,No
L00401,Rohan,Ali,Male,39,Muslim,110053,56544,645,1928416,No
L00402,Lakshmi,Gupta,Female,50,Hindu,110001,56438,850,1142907,No
L00403,Rahul,Manjhi,Male,62,Other,110044,49368,532,581235,No
L00404,Aditya,Gupta,Male,37,Hindu,110008,40138,620,1276198,Yes
L00405,Karan,Joshi,Male,45,Hindu,110015,57463,612,759722,No
L00406,Aditya,Patel,Male,30,Hindu,110008,33243,685,1739309,No
L00407,Manish,Patel,Male,24,Hindu,110010,28296,688,447988,No
L00408,Rahul,Nair,Male,26,Hindu,110015,28209,660,819891,No
L00409,Faisal,Khan,Male,61,Muslim,110092,57812,823,1767671,Yes
L00410,Suresh,Nair,Male,42,Hindu,110001,36404,722,141807,No
L00411,Divya,Joshi,Female,28,Hindu,110010,90107,705,1152727,No
L00412,Arjun,Verma,Male,35,Hindu,110010,22954,508,1729860,No
L00413,Anjali,Joseph,Female,61,Christian,400054,54285,705,213442,No
L00414,Amit,Mirza,Male,34,Muslim,110053,36346,668,1221098,No
L00415,Ravi,Reddy,Male,64,Hindu,110015,44486,698,892126,Yes
L00416,Imran,Reddy,Male,57,Hindu,110010,77119,675,1782572,No
L00417,Manish,Mehta,Male,45,Hindu,110001,81446,656,646602,No
L00418,Riya,Iyer,Female,35,Hindu,110008,58228,665,1977517,No
L00419,Sunita,Sharma,Female,44,Hindu,110005,65913,738,538624,Yes
L00420,Vikram,Gupta,Male,42,Hindu,110015,59102,626,1768648,No
L00421,Vikram,Mirza,Male,25,Muslim,110066,74893,641,923509,No
L00422,Lakshmi,Khan,Female,25,Muslim,110053,52553,704,735415,No
L00423,Ravi,Mirza,Male,60,Muslim,110066,45329,662,360404,Yes
L00424,Manish,Rao,Male,27,Hindu,110005,33550,737,1058567,No
L00425,Sandeep,Nair,Male,37,Hindu,110015,93981,747,237893,Yes
L00426,Arjun,Reddy,Male,41,Hindu,110010,66268,752,1356907,Yes
L00427,Pooja,Reddy,Female,27,Hindu,110055,61371,699,78800,No
L00428,Amit,Reddy,Male,56,Hindu,110015,62458,789,1062979,Yes
L00429,Rohan,Rao,Male,38,Hindu,110015,64808,744,618918,Yes
L00430,Faisal,Iyer,Male,28,Hindu,110005,104894,701,848388,Yes
L00431,Sneha,Nair,Female,33,Hindu,110001,75598,850,133366,Yes
L00432,Arjun,Patel,Male,44,Hindu,110015,45602,602,628558,No
L00433,Fatima,D'Souza,Female,36,Christian,400050,85878,836,1580689,Yes
L00434,Daniel,Gupta,Male,37,Hindu,110015,31355,638,740560,No
L00435,Karan,Gupta,Male,41,Hindu,400052,34850,501,1426217,No
L00436,Rahul,Verma,Male,42,Hindu,110008,62477,637,1895770,No
L00437,Karan,Hussain,Male,34,Muslim,110092,67515,715,1343830,Yes
L00438,Faisal,Sharma,Male,27,Hindu,110015,44219,585,1033068,No
L00439,Neha,Patel,Female,34,Hindu,400061,58805,771,516730,No
L00440,Rekha,Joshi,Female,42,Hindu,110001,90000,540,1324921,No
L00441,Rohan,Nair,Male,55,Hindu,110005,76360,743,1137798,Yes
L00442,Amit,Sharma,Male,40,Hindu,110008,15000,749,1017515,Yes
L00443,Sunita,Patel,Female,63,Hindu,110015,16791,723,1925541,No
L00444,Ravi,Patel,Male,59,Hindu,110001,97339,564,574460,No
L00445,Vikram,Verma,Male,29,Hindu,110010,45372,557,1574364,No
L00446,Anjali,Rao,Female,32,Hindu,110005,82496,619,389998,No
L00447,Ravi,Iyer,Male,40,Hindu,110005,46240,647,57409,No
L00448,Pradeep,Khan,Male,37,Muslim,110066,,809,216524,No
L00449,Divya,Mehta,Female,25,Hindu,110005,58349,707,1840609,Yes
L00450,Rohan,Verma,Male,28,Hindu,110015,41419,708,1436059,No
L00451,Sarah,Joshi,Female,24,Hindu,110010,72577,721,1770219,Yes
L00452,Aditya,Patel,Male,39,Hindu,110005,42665,761,1333569,Yes
L00453,Rekha,Verma,Female,60,Hindu,110015,121992,573,1827961,No
L00454,Rekha,Patel,Female,55,Hindu,110015,51173,575,538052,No
L00455,Amit,Verma,Male,61,Hindu,110015,,679,1740395,No
L00456,Suresh,Verma,Male,41,Hindu,110008,32899,676,765887,No
L00457,Mary,Sheikh,Female,43,Muslim,110006,80215,631,1404030,No
L00458,Ravi,Rahman,Male,48,Muslim,110092,62630,666,1570360,No
L00459,Faisal,Reddy,Male,26,Hindu,110010,74915,666,1363888,No
L00460,Suresh,Verma,Male,42,Hindu,110005,50032,610,829267,No
L00461,Faisal,Verma,Male,24,Hindu,110001,64605,483,1725677,No
L00462,Suresh,Mathew,Male,42,Christian,400070,86484,822,1469179,No
L00463,Aditya,Mehta,Male,22,Hindu,110001,52195,705,748959,Yes
L00464,Arjun,Iyer,Male,58,Hindu,110005,56903,551,453797,No
L00465,Pooja,Iyer,Female,32,Hindu,110015,54351,695,264696,Yes
L00466,Sandeep,Iyer,Male,32,Hindu,110010,86065,733,156380,Yes
L00467,Vikram,Sharma,Male,49,Hindu,110010,24616,768,1342506,Yes
L00468,Ravi,Ahmed,Male,58,Muslim,400050,85952,801,1005429,Yes
L00469,Pooja,Gupta,Female,61,Hindu,110008,53798,765,1704188,No
L00470,Faisal,Verma,Male,52,Hindu,110015,40150,693,1255187,Yes
L00471,Sneha,Rahman,Female,41,Muslim,110092,30230,661,561057,No
L00472,Daniel,Nair,Male,49,Hindu,110005,34128,646,1439598,No
L00473,Ravi,Ahmed,Male,42,Muslim,110066,15000,623,195977,No
L00474,Pradeep,Rahman,Male,63,Muslim,110092,49173,646,1944265,No
L00475,Aisha,Joshi,Female,46,Hindu,110008,34647,614,678590,No
L00476,Faisal,Thomas,Male,27,Christian,400052,25163,618,1837832,No
L00477,Faisal,Mehta,Male,29,Hindu,110015,87232,541,876840,No
L00478,Rahul,Gupta,Male,52,Hindu,110008,75433,767,1811529,Yes
L00479,Sneha,Sharma,Female,63,Hindu,110010,94770,694,334742,Yes
L00480,Daniel,Nair,Male,61,Hindu,110010,67737,777,856805,Yes
L00481,Manish,Gupta,Male,48,Hindu,110001,84338,627,1241496,No
L00482,Karan,Valmiki,Male,55,Other,110086,126335,653,1134121,Yes
L00483,Suresh,Verma,Male,61,Hindu,110010,76687,706,1002179,Yes
L00484,Aisha,Iyer,Female,32,Hindu,110015,110204,724,596188,Yes
L00485,Arjun,Iyer,Male,40,Hindu,110008,42039,684,578589,Yes
L00486,Neha,Verma,Female,59,Hindu,110005,52459,548,597886,No
L00487,Imran,Sharma,Male,27,Hindu,110010,87932,655,1628654,No
L00488,Amit,Patel,Male,58,Hindu,110001,52743,597,160149,Yes
L00489,Joseph,Sheikh,Male,65,Muslim,110066,47191,581,74878,No
L00490,Rohan,Mehta,Male,28,Hindu,400070,85956,616,1975273,No
L00491,Joseph,Hussain,Male,51,Muslim,110092,61026,531,1665849,No
L00492,Arjun,Mehta,Male,65,Hindu,110015,64365,681,267909,No
L00493,Priya,Sharma,Female,61,Hindu,110005,104461,796,1307001,No
L00494,Joseph,Ali,Male,64,Muslim,110053,58141,550,1929051,No
L00495,Ravi,Verma,Male,39,Hindu,110008,59656,542,589673,No
L00496,Anjali,Reddy,Female,38,Hindu,110010,73845,660,1997386,Yes
L00497,Daniel,Mehta,Male,35,Hindu,110008,46060,651,266608,Yes
L00498,Rekha,Khan,Female,31,Muslim,110066,54403,676,608757,Yes
L00499,Pradeep,Joshi,Male,49,Hindu,110001,21800,762,1182732,Yes
L00500,Faisal,Ahmed,Male,43,Muslim,110006,44494,597,816205,No
L00501,Amit,Iyer,Male,33,Hindu,110008,15000,600,1509370,No
L00502,Amit,Joshi,Male,30,Hindu,110066,60525,684,865304,Yes
L00503,Arjun,Joshi,Male,24,Hindu,110010,42925,749,297856,Yes
L00504,Karan,George,Male,59,Christian,400061,56031,714,1421184,Yes
L00505,Arjun,Patel,Male,33,Hindu,110001,18561,535,1006688,No
L00506,Pradeep,Ahmed,Male,60,Muslim,110066,60366,619,757459,No
L00507,Karan,Nair,Male,42,Hindu,110015,77931,543,413746,No
L00508,Rahul,Reddy,Male,50,Hindu,110015,,798,838803,No
L00509,Vikram,Patel,Male,63,Hindu,110010,38016,639,1501980,Yes
L00510,Rahul,Gupta,Male,61,Hindu,110015,42934,566,234593,No
L00511,Amit,Gupta,Male,29,Hindu,110015,123343,659,1114390,Yes
L00512,Aditya,Gupta,Male,31,Hindu,110005,28973,462,385040,No
L00513,Manish,Rao,Male,43,Hindu,110001,15992,553,1602766,Yes
L00514,Aditya,Mehta,Male,26,Hindu,110008,86593,591,928845,Yes
L00515,Sandeep,Rahman,Male,28,Muslim,110053,57084,772,204202,No
L00516,Sunita,Nair,Female,33,Hindu,110008,44713,711,615590,Yes
L00517,Aditya,Patel,Male,51,Hindu,110008,40195,694,1315916,Yes
L00518,Riya,George,Female,27,Christian,400052,29189,737,1290635,No
L00519,Sandeep,Gupta,Male,42,Hindu,110092,38759,705,1933770,Yes
L00520,Rohan,Mehta,Male,49,Hindu,110001,26984,660,998838,No
L00521,Divya,Rao,Female,30,Hindu,110066,43363,731,1453069,Yes
L00522,Sunita,Khan,Female,51,Muslim,110055,61961,498,1364517,No
L00523,Anjali,Reddy,Female,40,Hindu,110094,37285,712,1716142,No
L00524,Faisal,Sharma,Male,25,Hindu,110008,73284,735,818465,Yes
L00525,Karan,Sheikh,Male,43,Muslim,110092,55875,724,1876894,No
L00526,Fatima,Reddy,Female,54,Hindu,110008,46450,614,998773,No
L00527,Ravi,Hussain,Male,61,Muslim,110006,29720,779,445006,No
L00528,Vikram,Joseph,Male,28,Christian,400052,61218,717,1884993,Yes
L00529,Karan,Mehta,Male,52,Hindu,110008,39539,760,446488,Yes
L00530,Imran,Mathew,Male,48,Christian,400061,22863,617,1294360,No
L00531,Karan,Nair,Male,41,Hindu,110008,64160,741,1664282,No
L00532,Rahul,George,Male,56,Christian,400052,40225,850,388175,Yes
L00533,Faisal,Iyer,Male,33,Hindu,110008,65894,815,360261,Yes
L00534,Joseph,Sharma,Male,53,Hindu,110006,62052,462,1598736,No
L00535,Karan,Iyer,Male,58,Hindu,110001,47404,478,1584361,No
L00536,Joseph,Sharma,Male,61,Hindu,110001,69684,597,1325385,No
L00537,Amit,Joseph,Male,23,Christian,400050,97093,767,1123296,Yes
L00538,Faisal,Sharma,Male,47,Hindu,110008,84325,821,75565,Yes
L00539,Divya,Ahmed,Female,50,Muslim,110053,53621,586,1739618,No
L00540,Sneha,Nair,Female,31,Hindu,110008,62435,778,188654,No
L00541,Daniel,Iyer,Male,33,Hindu,110005,18045,631,467873,Yes
L00542,Suresh,Iyer,Male,53,Hindu,110001,29015,643,373011,No
L00543,Meera,Iyer,Female,33,Hindu,110001,16901,686,1653730,No
L00544,Daniel,Siddiqui,Male,38,Muslim,110006,35283,606,832661,No
L00545,Pooja,Sharma,Female,42,Hindu,110001,17710,713,621831,No
L00546,Sneha,Iyer,Female,54,Hindu,110015,67155,798,1628376,Yes
L00547,Manish,Hussain,Male,65,Muslim,110055,47381,599,1776616,Yes
L00548,Imran,Mirza,Male,32,Muslim,110053,66589,711,1717459,No
L00549,Kavya,Mehta,Female,48,Hindu,110001,45338,688,1055622,No
L00550,Imran,Nair,Male,33,Hindu,110005,53494,658,319933,No
L00551,Vikram,Patel,Male,49,Hindu,110010,39096,533,1638244,No
L00552,Rohan,Nair,Male,52,Hindu,110001,69008,726,1632406,Yes
L00553,Rahul,Gupta,Male,64,Hindu,110008,48504,711,1265826,Yes
L00554,Vikram,Sheikh,Male,28,Muslim,110053,72969,541,641096,No
L00555,Pradeep,Sheikh,Male,45,Muslim,110006,49878,625,429266,No
L00556,Aditya,Rao,Male,42,Hindu,110008,63621,710,1527927,Yes
L00557,Suresh,Rao,Male,51,Hindu,400052,37539,634,1211645,No
L00558,Faisal,Siddiqui,Male,33,Muslim,110066,92318,690,968674,No
L00559,Aditya,Nair,Male,32,Hindu,110015,117439,776,1820058,No
L00560,Fatima,Hussain,Female,63,Muslim,110066,76980,650,1066139,No
L00561,Pradeep,Joshi,Male,36,Hindu,110001,45697,645,1791291,Yes
L00562,Pooja,Reddy,Female,41,Hindu,110015,46893,651,1659715,No
L00563,Manish,Mehta,Male,56,Hindu,110001,27508,828,952627,No
L00564,Ravi,Siddiqui,Male,24,Muslim,110055,86209,703,1905350,No
L00565,Aditya,Siddiqui,Male,58,Muslim,110092,38331,562,1035280,No
L00566,Joseph,Joshi,Male,61,Hindu,110001,35998,542,109028,No
L00567,Imran,Khan,Male,46,Muslim,110055,73832,727,168382,No
L00568,Suresh,Verma,Male,29,Hindu,110010,52390,695,1429439,No
L00569,Priya,Joshi,Female,42,Hindu,110010,37114,742,259834,No
L00570,Rahul,Rahman,Male,61,Muslim,110006,34785,850,1812405,No
L00571,Joseph,Nair,Male,36,Hindu,110015,15000,520,248670,No
L00572,Amit,Rao,Male,44,Hindu,110008,65270,554,957879,No
L00573,Ravi,Mehta,Male,64,Hindu,110015,56331,623,1859233,Yes
L00574,Manish,Siddiqui,Male,62,Muslim,110066,21212,654,1237232,No
L00575,Karan,Gupta,Male,65,Hindu,110001,59695,507,1379442,No
L00576,Riya,Iyer,Female,47,Hindu,110008,56030,731,1023413,No
L00577,Rahul,Fernandes,Male,39,Christian,400070,67652,732,419067,No
L00578,Sneha,Khan,Female,42,Muslim,400054,15000,572,1458598,No
L00579,Riya,Ali,Female,29,Muslim,110092,28433,634,1675535,No
L00580,Mary,Verma,Female,43,Hindu,110005,75214,552,936820,No
L00581,Manish,Rao,Male,59,Hindu,110001,83984,718,713727,Yes
L00582,Faisal,Patel,Male,52,Hindu,110015,45069,516,123000,No
L00583,Fatima,Gupta,Female,57,Hindu,110001,28278,765,1171789,No
L00584,Manish,Thomas,Male,41,Christian,400052,94223,769,1852327,No
L00585,Rohan,Mirza,Male,39,Muslim,400061,86092,555,1993005,No
L00586,Fatima,Ali,Female,54,Muslim,110092,78891,718,1597248,No
L00587,Sunita,Patel,Female,63,Hindu,110008,71598,748,1257559,Yes
L00588,Daniel,Paswan,Male,42,Other,110052,15000,734,1491722,No
L00589,Rahul,Reddy,Male,47,Hindu,110005,97914,528,93483,No
L00590,Ravi,Verma,Male,34,Hindu,110015,51386,850,949475,Yes
L00591,Kavya,Nair,Female,22,Hindu,400061,49759,585,298538,No
L00592,Aisha,Hussain,Female,53,Muslim,110053,35402,744,1778239,No
L00593,Arjun,Patel,Male,40,Hindu,110005,73114,670,825186,No
L00594,Joseph,Reddy,Male,65,Hindu,110015,60782,766,587344,Yes
L00595,Faisal,Thomas,Male,60,Christian,400050,115667,592,61242,No
L00596,Karan,Reddy,Male,57,Hindu,110010,70197,694,761305,No
L00597,Manish,Patel,Male,29,Hindu,110008,28176,850,1618299,Yes
L00598,Mary,Iyer,Female,49,Hindu,110092,72004,631,1838941,No
L00599,Sandeep,Sharma,Male,33,Hindu,110010,73919,695,293320,No
L00600,Pradeep,Mehta,Male,51,Hindu,110001,15000,687,783173,Yes
L00601,Manish,Mehta,Male,58,Hindu,110001,80689,604,1153134,No
L00602,Kavya,Joshi,Female,43,Hindu,110010,92305,702,833408,No
L00603,Sunita,Verma,Female,64,Hindu,110001,20106,695,740858,No
L00604,Pooja,Nair,Female,35,Hindu,110001,84367,557,1609861,Yes
L00605,Sandeep,Patel,Male,47,Hindu,110010,96419,773,647553,Yes
L00606,Suresh,Rao,Male,65,Hindu,110008,36234,628,1125111,Yes
L00607,Daniel,Nair,Male,27,Hindu,110010,56860,515,1372644,No
L00608,Karan,Gupta,Male,53,Hindu,110010,19439,657,967201,Yes
L00609,Sandeep,Manjhi,Male,55,Other,110044,25869,731,1126708,Yes
L00610,Manish,Nair,Male,44,Hindu,110001,54684,717,1602974,No
L00611,Daniel,Verma,Male,41,Hindu,110010,39310,812,1358225,No
L00612,Neha,Sheikh,Female,27,Muslim,110006,,557,959742,No
L00613,Ravi,Joshi,Male,47,Hindu,110010,99102,508,685017,No
L00614,Suresh,Rao,Male,27,Hindu,110001,57953,690,1509685,No
L00615,Daniel,Gupta,Male,62,Hindu,110010,,592,360725,No
L00616,Pradeep,Joshi,Male,52,Hindu,110008,82109,692,1244182,No
L00617,Daniel,Rao,Male,53,Hindu,110008,52270,559,127630,No
L00618,Sandeep,Joshi,Male,25,Hindu,110001,29235,663,611719,No
L00619,Ravi,Reddy,Male,49,Hindu,110008,75430,689,968784,Yes
L00620,Sunita,Nair,Female,30,Hindu,110010,84742,583,1797096,No
L00621,Amit,Patel,Male,40,Hindu,110005,51135,644,468348,Yes
L00622,Aisha,Thomas,Female,37,Christian,400054,56956,707,798775,No
L00623,Mary,Verma,Female,49,Hindu,110010,68523,722,590692,No
L00624,Pooja,Hussain,Female,54,Muslim,110066,45703,654,1725596,No
L00625,Aditya,Nair,Male,57,Hindu,110005,66392,691,1960475,Yes
L00626,Aditya,Siddiqui,Male,31,Muslim,110053,41404,615,970877,No
L00627,Imran,Siddiqui,Male,40,Muslim,110066,44452,678,806324,No
L00628,Pooja,Gupta,Female,49,Hindu,110015,33050,727,1716412,No
L00629,Vikram,Ahmed,Male,43,Muslim,110006,26946,850,874739,No
L00630,Suresh,D'Souza,Male,48,Christian,400054,24154,758,1563202,No
L00631,Karan,Mehta,Male,47,Hindu,110015,39018,700,1417420,No
L00632,Aisha,Gupta,Female,27,Hindu,110005,76955,698,1141504,No
L00633,Imran,Mehta,Male,62,Hindu,110015,58185,698,592512,Yes
L00634,Anjali,Valmiki,Female,45,Other,110044,53177,786,991069,Yes
L00635,Sandeep,Dom,Male,44,Other,110094,43721,807,1460195,Yes
L00636,Divya,Mehta,Female,45,Hindu,110010,41501,694,221855,Yes
L00637,Faisal,Verma,Male,65,Hindu,110010,22148,660,1878747,Yes
L00638,Daniel,Joshi,Male,32,Hindu,110005,63032,716,1527495,Yes
L00639,Rahul,Sharma,Male,57,Hindu,110010,15000,842,281391,Yes
L00640,Suresh,Reddy,Male,45,Hindu,110005,45528,778,1693732,Yes
L00641,Neha,Fernandes,Female,53,Christian,400050,86482,681,925718,No
L00642,Pradeep,Rao,Male,60,Hindu,110010,64168,716,1449263,Yes
L00643,Joseph,Mirza,Male,36,Muslim,110066,73424,631,1593320,No
L00644,Aditya,Iyer,Male,63,Hindu,110015,39778,658,1638834,Yes
L00645,Aditya,Sharma,Male,64,Hindu,110005,69489,657,564403,No
L00646,Imran,Mehta,Male,47,Hindu,400061,30344,624,428552,No
L00647,Aditya,Verma,Male,56,Hindu,110001,61858,723,373438,Yes
L00648,Rahul,Reddy,Male,23,Hindu,110005,50193,606,915752,No
L00649,Divya,D'Souza,Female,37,Christian,400070,55445,560,857505,No
L00650,Pradeep,Verma,Male,23,Hindu,110008,39753,716,1211980,No
L00651,Suresh,Patel,Male,58,Hindu,110005,46279,700,1691821,No
L00652,Sunita,Mirza,Female,24,Muslim,110055,,680,1419563,No
L00653,Fatima,Nair,Female,65,Hindu,110015,38026,737,1813042,No
L00654,Sneha,Iyer,Female,47,Hindu,110008,40003,519,1891885,No
L00655,Fatima,Reddy,Female,50,Hindu,110005,49692,811,1014269,No
L00656,Rekha,Sharma,Female,22,Hindu,110010,85426,601,1649005,No
L00657,Priya,Mehta,Female,64,Hindu,400070,42922,695,800708,No
L00658,Sunita,Valmiki,Female,45,Other,110044,79965,641,1640524,No
L00659,Suresh,Nair,Male,36,Hindu,110008,57880,784,1083555,No
L00660,Aditya,Rao,Male,39,Hindu,110015,28526,635,1459654,No
L00661,Karan,Verma,Male,38,Hindu,110008,,608,452341,No
L00662,Fatima,Nair,Female,65,Hindu,110044,29438,643,1840673,No
L00663,Sunita,Mehta,Female,53,Hindu,110005,27816,796,148492,Yes
L00664,Imran,Gupta,Male,27,Hindu,110066,88110,568,206112,No
L00665,Arjun,Verma,Male,52,Hindu,110008,49983,688,1812672,Yes
L00666,Imran,Sharma,Male,55,Hindu,110015,71401,472,969662,No
L00667,Rohan,Sharma,Male,46,Hindu,110005,36220,840,180028,No
L00668,Aditya,Verma,Male,65,Hindu,110010,62688,690,250970,No
L00669,Sunita,Khan,Female,46,Muslim,110006,29236,701,762227,No
L00670,Amit,Nair,Male,28,Hindu,110005,81862,752,1946601,Yes
L00671,Ravi,Nair,Male,33,Hindu,110008,56920,840,1275832,Yes
L00672,Pooja,Mehta,Female,31,Hindu,110001,21624,703,1135654,No
L00673,Rohan,Mehta,Male,49,Hindu,110005,16932,850,1696817,Yes
L00674,Imran,Joshi,Male,59,Hindu,110008,34312,647,390325,Yes
L00675,Riya,Sharma,Female,36,Hindu,110008,38071,693,1742970,No
L00676,Arjun,Manjhi,Male,26,Other,110086,35057,769,457693,No
L00677,Amit,Paswan,Male,40,Other,110084,78871,846,1827408,Yes
L00678,Arjun,Ahmed,Male,65,Muslim,110055,78727,779,490899,Yes
L00679,Meera,Mehta,Female,26,Hindu,110005,93064,806,451984,No
L00680,Rohan,Gupta,Male,61,Hindu,110005,15000,587,737196,No
L00681,Pradeep,Mehta,Male,35,Hindu,110015,48772,523,186048,No
L00682,Rekha,Rahman,Female,55,Muslim,110066,33520,697,1550826,No
L00683,Rohan,Nair,Male,35,Hindu,110010,58204,739,508424,Yes
L00684,Manish,Joseph,Male,57,Christian,400070,90946,756,787306,Yes
L00685,Ravi,Joshi,Male,49,Hindu,110010,17022,768,101837,Yes
L00686,Suresh,Verma,Male,54,Hindu,110005,19201,669,256378,Yes
L00687,Manish,Reddy,Male,41,Hindu,110005,53713,526,1529839,No
L00688,Priya,Hussain,Female,41,Muslim,400070,50415,761,1639234,No
L00689,Joseph,Ali,Male,36,Muslim,110092,61006,828,1281035,No
L00690,Mary,Verma,Female,34,Hindu,110010,,772,993659,No
L00691,Arjun,Hussain,Male,53,Muslim,110066,72560,521,942798,No
L00692,Priya,Reddy,Female,58,Hindu,110008,67446,481,1241582,No
L00693,Amit,Mirza,Male,47,Muslim,110055,77756,714,1244359,No
L00694,Rahul,Mehta,Male,24,Hindu,110005,70715,571,195733,No
L00695,Vikram,Mehta,Male,51,Hindu,110010,83278,718,870207,Yes
L00696,Joseph,Verma,Male,35,Hindu,110010,66619,724,382988,No
L00697,Manish,Joshi,Male,34,Hindu,110010,68857,682,1318459,No
L00698,Sunita,Siddiqui,Female,58,Muslim,110066,65599,689,777254,No
L00699,Daniel,Patel,Male,37,Hindu,110010,69845,792,1960155,Yes
L00700,Sandeep,Sharma,Male,32,Hindu,110001,49766,805,1513904,Yes
L00701,Kavya,Mehta,Female,45,Hindu,110008,65451,699,910033,No
L00702,Ravi,Verma,Male,46,Hindu,110001,40988,755,72517,Yes
L00703,Pradeep,Joshi,Male,51,Hindu,110010,83670,727,344137,Yes
L00704,Rahul,Ahmed,Male,40,Muslim,110006,84230,784,1470575,Yes
L00705,Ravi,Sheikh,Male,25,Muslim,110006,78618,539,869186,No
L00706,Amit,Rao,Male,37,Hindu,110010,41978,727,108603,No
L00707,Aditya,Gupta,Male,64,Hindu,110001,62457,727,1760488,Yes
L00708,Joseph,Mehta,Male,49,Hindu,110005,67579,722,81445,Yes
L00709,Manish,Verma,Male,63,Hindu,110010,49664,661,682363,No
L00710,Fatima,Ali,Female,28,Muslim,110053,15000,530,746352,No
L00711,Vikram,Chamar,Male,43,Other,110094,109792,701,1393418,No
L00712,Aditya,Sharma,Male,41,Hindu,110001,57257,774,175667,Yes
L00713,Sandeep,Sharma,Male,60,Hindu,110005,82006,672,633273,Yes
L00714,Suresh,Mirza,Male,23,Muslim,110053,60341,824,1181018,Yes
L00715,Lakshmi,Sheikh,Female,55,Muslim,110066,43244,767,196769,No
L00716,Sneha,Fernandes,Female,33,Christian,110015,15605,586,213922,No
L00717,Rahul,Rao,Male,60,Hindu,110005,55132,753,620133,No
L00718,Neha,Rao,Female,52,Hindu,110005,27329,718,1768833,No
L00719,Aisha,Verma,Female,60,Hindu,110010,24143,653,1022347,No
L00720,Karan,Reddy,Male,52,Hindu,110015,73618,850,1581694,Yes
L00721,Sarah,Mathew,Female,46,Christian,400061,19290,688,1905978,Yes
L00722,Daniel,Gupta,Male,38,Hindu,110010,60559,531,1381649,No
L00723,Sandeep,Mathew,Male,37,Christian,400050,15000,708,1512703,No
L00724,Manish,Fernandes,Male,37,Christian,400050,15000,547,294801,No
L00725,Sneha,Nair,Female,55,Hindu,110010,98121,581,580309,No
L00726,Suresh,George,Male,48,Christian,400050,55878,475,1384166,No
L00727,Lakshmi,Gupta,Female,41,Hindu,110001,70169,682,196468,No
L00728,Rahul,Rao,Male,33,Hindu,110005,27474,779,1104057,No
L00729,Neha,Sharma,Female,34,Hindu,110015,51833,850,278999,No
L00730,Vikram,Iyer,Male,43,Hindu,110001,72972,692,69936,Yes
L00731,Aditya,Sharma,Male,35,Hindu,110008,52011,678,1069061,No
L00732,Imran,Reddy,Male,37,Hindu,110001,89464,631,796647,No
L00733,Karan,Mirza,Male,23,Muslim,110053,15000,571,822653,No
L00734,Priya,Gupta,Female,62,Hindu,110008,99134,636,1881724,Yes
L00735,Pradeep,Nair,Male,47,Hindu,110010,51988,520,1430636,No
L00736,Pooja,Gupta,Female,55,Hindu,110001,86227,569,318144,No
L00737,Neha,Chamar,Female,50,Other,110052,82545,651,493842,Yes
L00738,Rahul,Sharma,Male,42,Hindu,110008,89899,591,1446562,No
L00739,Pradeep,Mehta,Male,27,Hindu,110015,61348,602,1657125,No
L00740,Joseph,Mathew,Male,63,Christian,400052,34855,589,518820,No
L00741,Amit,Nair,Male,29,Hindu,110010,43290,659,1259882,No
L00742,Daniel,Rao,Male,42,Hindu,110092,60956,520,1441969,No
L00743,Imran,Joshi,Male,31,Hindu,110010,63471,610,359173,No
L00744,Imran,Khan,Male,41,Muslim,110092,16815,677,1053031,No
L00745,Imran,Valmiki,Male,31,Other,110052,63082,625,1518860,No
L00746,Aisha,Mirza,Female,64,Muslim,110066,67546,652,757600,No
L00747,Suresh,Verma,Male,40,Hindu,110010,49554,624,254093,Yes
L00748,Ravi,Hussain,Male,63,Muslim,110055,62019,721,1931602,Yes
L00749,Sarah,Khan,Female,58,Muslim,110066,90170,774,945716,No
L00750,Rahul,Joshi,Male,25,Hindu,110010,77277,752,361570,Yes
L00751,Suresh,Joshi,Male,60,Hindu,110001,89891,643,1681019,No
L00752,Faisal,Joshi,Male,22,Hindu,110015,62569,705,521722,Yes
L00753,Rahul,Verma,Male,46,Hindu,110015,19217,692,312639,Yes
L00754,Lakshmi,Ali,Female,23,Muslim,110092,18781,782,1074591,Yes
L00755,Amit,Ahmed,Male,64,Muslim,110053,67626,645,61165,No
L00756,Rahul,Gupta,Male,27,Hindu,110001,15000,612,1111469,No
L00757,Sandeep,Valmiki,Male,41,Other,110092,112841,742,983065,Yes
L00758,Amit,Joseph,Male,28,Christian,400052,51052,656,678535,No
L00759,Faisal,Nair,Male,39,Hindu,110008,79121,770,596673,Yes
L00760,Daniel,Iyer,Male,31,Hindu,110005,45678,672,1548299,Yes
L00761,Pooja,Rao,Female,42,Hindu,110015,81627,675,569040,Yes
L00762,Imran,Verma,Male,62,Hindu,110005,101430,784,1872121,No
L00763,Joseph,Paswan,Male,28,Other,110084,57621,634,1284859,No
L00764,Manish,Hussain,Male,60,Muslim,110066,61368,696,428897,No
L00765,Lakshmi,Nair,Female,52,Hindu,110005,38806,641,1429009,Yes
L00766,Riya,Reddy,Female,65,Hindu,110008,24623,591,1724510,No
L00767,Aisha,Gupta,Female,62,Hindu,110008,93067,509,1822608,No
L00768,Anjali,Fernandes,Female,27,Christian,400050,53684,565,939158,No
L00769,Aditya,Mehta,Male,47,Hindu,110001,71176,685,1547702,Yes
L00770,Rohan,Dom,Male,60,Other,400052,40594,697,416611,Yes
L00771,Pradeep,Thomas,Male,46,Christian,400052,86677,850,1794256,Yes
L00772,Manish,Iyer,Male,35,Hindu,110008,90306,681,1998482,No
L00773,Rekha,Joshi,Female,25,Hindu,110008,33686,777,274739,Yes
L00774,Daniel,Verma,Male,53,Hindu,110010,,784,309716,No
L00775,Lakshmi,Joshi,Female,45,Hindu,110008,46942,770,277949,No
L00776,Arjun,Rao,Male,44,Hindu,110008,84240,585,134423,Yes
L00777,Pradeep,Gupta,Male,64,Hindu,110010,67500,675,1727344,No
L00778,Lakshmi,Mirza,Female,30,Muslim,110053,64216,707,771673,No
L00779,Daniel,Reddy,Male,60,Hindu,110010,52894,584,223255,No
L00780,Manish,Gupta,Male,29,Hindu,110010,107793,462,466101,No
L00781,Amit,Ali,Male,59,Muslim,110066,45217,643,130460,No
L00782,Vikram,Gupta,Male,25,Hindu,110005,32717,754,515096,Yes
L00783,Aditya,Iyer,Male,39,Hindu,110005,15830,842,720754,No
L00784,Amit,Reddy,Male,40,Hindu,110005,15000,714,579033,No
L00785,Karan,Sharma,Male,43,Hindu,110015,25830,806,1159104,No
L00786,Aditya,Verma,Male,30,Hindu,110005,31706,591,454598,No
L00787,Suresh,Reddy,Male,52,Hindu,110001,71759,676,318083,Yes
L00788,Faisal,Rahman,Male,50,Muslim,110066,46438,647,928715,No
L00789,Pooja,Iyer,Female,40,Hindu,110005,86001,712,1603392,No
L00790,Rahul,Verma,Male,50,Hindu,110010,55112,591,1323429,No
L00791,Ravi,Sharma,Male,54,Hindu,110005,46996,574,671519,No
L00792,Suresh,Gupta,Male,24,Hindu,110005,16855,514,617142,No
L00793,Kavya,Paswan,Female,22,Other,110006,33959,577,1529460,No
L00794,Imran,Joseph,Male,25,Christian,400054,,670,420640,Yes
L00795,Joseph,Ahmed,Male,63,Muslim,110053,53381,806,1763052,Yes
L00796,Karan,Rao,Male,50,Hindu,110010,59611,823,246484,Yes
L00797,Rekha,Nair,Female,33,Hindu,110005,51905,665,1764420,No
L00798,Ravi,Gupta,Male,63,Hindu,110001,66291,672,1315198,Yes
L00799,Karan,Sharma,Male,37,Hindu,110044,57487,609,1711784,No
L00800,Vikram,Rahman,Male,34,Muslim,110053,82066,796,694633,Yes
L00801,Aditya,Mehta,Male,23,Hindu,110015,60282,642,1909034,No
L00802,Lakshmi,Rao,Female,31,Hindu,110086,42573,738,1490253,No
L00803,Sandeep,Verma,Male,28,Hindu,110008,74585,660,298199,Yes
L00804,Rahul,Patel,Male,49,Hindu,110005,21793,656,1923003,No
L00805,Fatima,Verma,Female,53,Hindu,110001,24399,502,1704351,No
L00806,Karan,Reddy,Male,46,Hindu,110006,15000,732,1261824,No
L00807,Rahul,Patel,Male,46,Hindu,110010,37458,763,1311946,No
L00808,Lakshmi,Gupta,Female,48,Hindu,110015,25381,645,1772609,No
L00809,Vikram,Gupta,Male,37,Hindu,110008,44117,726,1220996,Yes
L00810,Karan,Joseph,Male,40,Christian,400061,15000,722,558553,Yes
L00811,Lakshmi,Patel,Female,23,Hindu,110001,46269,590,1439881,No
L00812,Faisal,Patel,Male,31,Hindu,110010,63804,697,363979,No
L00813,Pradeep,Iyer,Male,48,Hindu,110001,50352,583,651398,Yes
L00814,Rahul,Patel,Male,22,Hindu,400070,34123,737,1541928,No
L00815,Rahul,Mirza,Male,39,Muslim,110005,84922,661,889704,No
L00816,Ravi,Ahmed,Male,52,Muslim,110053,41145,798,164654,No
L00817,Faisal,Verma,Male,60,Hindu,110005,59067,599,1185750,Yes
L00818,Amit,Fernandes,Male,62,Christian,400070,71732,651,1234464,Yes
L00819,Suresh,Verma,Male,22,Hindu,110052,96417,661,709496,No
L00820,Mary,Ahmed,Female,48,Muslim,110053,78549,615,99671,No
L00821,Rahul,Hussain,Male,31,Muslim,110053,50825,646,1904725,Yes
L00822,Ravi,Rahman,Male,30,Muslim,110066,42460,752,133913,No
L00823,Vikram,Nair,Male,31,Hindu,110001,15000,561,349101,No
L00824,Rekha,Ahmed,Female,28,Muslim,110006,40363,695,637448,No
L00825,Manish,Siddiqui,Male,52,Muslim,110053,97043,659,309976,No
L00826,Karan,Rao,Male,50,Hindu,400050,22692,809,1480678,Yes
L00827,Anjali,Valmiki,Female,37,Other,110044,45040,570,659559,No
L00828,Sneha,Joshi,Female,44,Hindu,400050,19964,707,229982,Yes
L00829,Divya,Rao,Female,47,Hindu,400052,44631,749,1522810,No
L00830,Karan,Joshi,Male,62,Hindu,400050,62371,793,1745617,Yes
L00831,Daniel,Sharma,Male,39,Hindu,110008,54797,736,899490,Yes
L00832,Manish,Gupta,Male,33,Hindu,400054,60337,645,395051,Yes
L00833,Daniel,Patel,Male,44,Hindu,110015,82716,618,1692221,No
L00834,Mary,Patel,Female,64,Hindu,110008,113905,661,79751,Yes
L00835,Daniel,Ahmed,Male,38,Muslim,110053,52872,678,1380208,No
L00836,Daniel,Gupta,Male,56,Hindu,110005,60171,559,450889,No
L00837,Suresh,Khan,Male,41,Muslim,110066,15000,677,918333,No
L00838,Aditya,Reddy,Male,33,Hindu,110005,31643,702,1188256,No
L00839,Aditya,Iyer,Male,27,Hindu,110015,59029,640,912515,Yes
L00840,Rohan,Joshi,Male,64,Hindu,110010,48519,771,1206763,Yes
L00841,Daniel,Joshi,Male,63,Hindu,110008,43244,538,1690384,No
L00842,Riya,Rao,Female,22,Hindu,110005,75946,625,1707819,No
L00843,Neha,Reddy,Female,58,Hindu,110092,73583,676,1401476,No
L00844,Neha,Rao,Female,47,Hindu,110001,79866,618,1539030,No
L00845,Rahul,Hussain,Male,42,Muslim,110092,58168,718,370966,Yes
L00846,Priya,Rao,Female,30,Hindu,110005,90275,666,552733,No
L00847,Manish,Mirza,Male,64,Muslim,110006,64859,691,1388793,No
L00848,Aditya,D'Souza,Male,31,Christian,400061,44257,850,1821304,Yes
L00849,Daniel,Sharma,Male,26,Hindu,110010,20078,690,836965,No
L00850,Arjun,Iyer,Male,33,Hindu,110001,36016,572,768925,No
L00851,Manish,Patel,Male,29,Hindu,110015,57152,700,1645850,Yes
L00852,Karan,Reddy,Male,36,Hindu,110008,88195,749,1059935,Yes
L00853,Pradeep,Joshi,Male,49,Hindu,110005,29813,672,464976,No
L00854,Suresh,Nair,Male,32,Hindu,110010,71956,465,938641,No
L00855,Daniel,Rao,Male,34,Hindu,110001,,644,992467,Yes
L00856,Faisal,Iyer,Male,47,Hindu,110005,70467,690,800244,Yes
L00857,Aditya,Reddy,Male,22,Hindu,110010,53453,692,1240069,No
L00858,Amit,Nair,Male,55,Hindu,110001,61512,793,1253657,No
L00859,Divya,Reddy,Female,34,Hindu,110008,82769,712,933398,Yes
L00860,Arjun,Gupta,Male,40,Hindu,110001,98447,697,1961854,Yes
L00861,Anjali,Mehta,Female,43,Hindu,110010,49175,653,1566772,No
L00862,Pradeep,Reddy,Male,61,Hindu,400050,75135,702,1818057,Yes
L00863,Karan,Sharma,Male,28,Hindu,110005,104659,672,406917,Yes
L00864,Anjali,Khan,Female,38,Muslim,110055,60512,662,207374,No
L00865,Pooja,Patel,Female,59,Hindu,110015,42403,691,1911848,No
L00866,Sandeep,Mehta,Male,58,Hindu,110010,26262,694,523600,Yes
L00867,Amit,Gupta,Male,26,Hindu,110005,81011,727,1031782,No
L00868,Imran,Nair,Male,41,Hindu,110001,45596,553,1967059,Yes
L00869,Amit,Nair,Male,47,Hindu,110008,62666,747,1874168,Yes
L00870,Sandeep,Verma,Male,23,Hindu,110015,67655,644,999256,Yes
L00871,Karan,Gupta,Male,47,Hindu,110008,25230,678,825486,Yes
L00872,Divya,Iyer,Female,47,Hindu,110015,63934,744,959252,Yes
L00873,Rohan,Verma,Male,24,Hindu,110008,38558,649,524931,No
L00874,Manish,Gupta,Male,53,Hindu,110008,67055,831,1530281,Yes
L00875,Pradeep,Nair,Male,41,Hindu,110001,77920,570,399480,No
L00876,Daniel,Joshi,Male,43,Hindu,110005,,711,1474391,No
L00877,Pradeep,Sharma,Male,37,Hindu,110008,47510,684,1801874,Yes
L00878,Aisha,Ahmed,Female,43,Muslim,400061,,723,581705,No
L00879,Aditya,Siddiqui,Male,39,Muslim,110066,39156,546,1845718,No
L00880,Daniel,Nair,Male,45,Hindu,400050,57930,717,624460,No
L00881,Neha,Mehta,Female,38,Hindu,110015,74577,635,925129,No
L00882,Aditya,Reddy,Male,49,Hindu,110008,,568,654836,Yes
L00883,Aisha,Patel,Female,61,Hindu,110001,41088,660,1727270,No
L00884,Rohan,Ahmed,Male,53,Muslim,110006,45887,769,154652,Yes
L00885,Vikram,Ali,Male,39,Muslim,110006,80375,794,659856,Yes
L00886,Daniel,Mirza,Male,47,Muslim,110055,66118,671,1302081,No
L00887,Karan,Nair,Male,65,Hindu,110005,57100,612,681373,No
L00888,Lakshmi,Patel,Female,49,Hindu,110015,80173,742,1486891,No
L00889,Ravi,Rao,Male,23,Hindu,110001,59934,669,1635145,Yes
L00890,Pooja,Reddy,Female,61,Hindu,110010,,648,314106,No
L00891,Anjali,Siddiqui,Female,27,Muslim,110055,99303,737,1296420,Yes
L00892,Aditya,Sharma,Male,59,Hindu,110005,36252,548,1132684,No
L00893,Suresh,Patel,Male,62,Hindu,110010,26925,850,1357918,No
L00894,Aditya,Verma,Male,37,Hindu,110010,63023,777,869386,Yes
L00895,Manish,Paswan,Male,61,Other,110086,34290,518,356700,No
L00896,Divya,Patel,Female,52,Hindu,110015,34488,689,1083820,No
L00897,Daniel,Siddiqui,Male,49,Muslim,110066,,738,73109,No
L00898,Rohan,Joshi,Male,44,Hindu,110008,82319,656,69126,No
L00899,Lakshmi,Reddy,Female,54,Hindu,110015,88715,730,761544,No
L00900,Joseph,Hussain,Male,26,Muslim,110066,86107,614,1320542,No
L00901,Pooja,Hussain,Female,42,Muslim,110066,27042,617,191704,Yes
L00902,Pradeep,Verma,Male,65,Hindu,110052,15000,702,271106,No
L00903,Sneha,Mirza,Female,25,Muslim,110006,45596,651,975952,No
L00904,Kavya,Joseph,Female,50,Christian,400052,15000,850,460450,Yes
L00905,Daniel,Patel,Male,55,Hindu,110001,60887,625,476853,Yes
L00906,Imran,Ahmed,Male,33,Muslim,110092,29070,473,1090555,No
L00907,Pooja,Reddy,Female,26,Hindu,110015,22514,727,213879,Yes
L00908,Imran,Sharma,Male,23,Hindu,400061,64654,850,1524871,Yes
L00909,Sandeep,Mehta,Male,55,Hindu,110001,81776,635,1194922,No
L00910,Arjun,Joseph,Male,24,Christian,400050,44786,739,342109,Yes
L00911,Sandeep,Khan,Male,53,Muslim,110044,109522,776,775290,No
L00912,Pradeep,Verma,Male,30,Hindu,110015,54061,706,522373,No
L00913,Arjun,Sheikh,Male,25,Muslim,110092,98027,705,1854168,No
L00914,Joseph,Rao,Male,30,Hindu,110010,31153,720,297448,No
L00915,Rohan,Rao,Male,37,Hindu,110015,58753,799,1241284,Yes
L00916,Sneha,Sharma,Female,25,Hindu,110008,66036,720,1313357,No
L00917,Aditya,Joshi,Male,64,Hindu,110010,71805,711,1529027,No
L00918,Sarah,Iyer,Female,57,Hindu,110008,45353,806,718695,No
L00919,Pradeep,Mathew,Male,39,Christian,400070,103563,773,533468,Yes
L00920,Rohan,Ali,Male,37,Muslim,110006,,556,94647,No
L00921,Rohan,Verma,Male,39,Hindu,110010,70029,609,856697,No
L00922,Rohan,Mehta,Male,64,Hindu,110001,44396,785,1958521,Yes
L00923,Divya,George,Female,23,Christian,400061,29579,822,1691257,No
L00924,Suresh,Rao,Male,56,Hindu,110015,23256,706,595470,Yes
L00925,Priya,Fernandes,Female,39,Christian,400052,73820,469,1667615,No
L00926,Manish,Reddy,Male,64,Hindu,110001,54882,810,310689,Yes
L00927,Sunita,Siddiqui,Female,23,Muslim,400070,28951,717,506848,No
L00928,Imran,George,Male,26,Christian,400054,37023,705,1872541,No
L00929,Sandeep,Khan,Male,29,Muslim,110066,45998,632,1266118,No
L00930,Manish,Joseph,Male,23,Christian,400050,33536,520,1309505,No
L00931,Sandeep,Verma,Male,35,Hindu,110010,43957,757,199722,Yes
L00932,Imran,Reddy,Male,48,Hindu,400070,74363,627,115341,Yes
L00933,Kavya,D'Souza,Female,60,Christian,400070,60193,755,1693049,No
L00934,Karan,Khan,Male,46,Muslim,110015,57864,550,1105907,No
L00935,Anjali,Verma,Female,60,Hindu,110008,24978,698,458994,No
L00936,Sandeep,Reddy,Male,51,Hindu,110010,28467,850,1586789,No
L00937,Faisal,Verma,Male,63,Hindu,110005,36998,686,1243997,No
L00938,Pooja,Rao,Female,60,Hindu,110001,53673,753,906692,No
L00939,Rahul,Gupta,Male,51,Hindu,110015,67624,684,1541875,No
L00940,Arjun,Rao,Male,32,Hindu,110010,68296,676,1946371,Yes
L00941,Aditya,Iyer,Male,43,Hindu,110015,97735,564,276013,No
L00942,Meera,Joshi,Female,62,Hindu,110010,15000,733,1518244,Yes
L00943,Sneha,George,Female,31,Christian,400061,81584,606,845606,No
L00944,Riya,Verma,Female,41,Hindu,110015,47141,681,1265987,No
L00945,Karan,Patel,Male,24,Hindu,110066,70934,545,1138704,No
L00946,Aditya,Patel,Male,40,Hindu,110008,50987,775,1974541,Yes
L00947,Karan,Iyer,Male,28,Hindu,110001,67793,845,1304918,No
L00948,Pradeep,Khan,Male,23,Muslim,400061,41117,733,1142393,Yes
L00949,Sunita,Ahmed,Female,49,Muslim,110055,44351,681,1584347,No
L00950,Sneha,Sheikh,Female,42,Muslim,110092,67497,747,1459457,No
L00951,Aditya,Thomas,Male,55,Christian,400050,35248,837,1380636,No
L00952,Amit,Sheikh,Male,38,Muslim,110066,26725,699,642654,Yes
L00953,Arjun,Gupta,Male,49,Hindu,110005,84124,727,131396,Yes
L00954,Pradeep,Reddy,Male,55,Hindu,110005,46304,632,1885089,Yes
L00955,Rekha,Reddy,Female,40,Hindu,110008,65029,705,929952,No
L00956,Imran,Joshi,Male,64,Hindu,110010,84211,771,1811861,No
L00957,Manish,Iyer,Male,54,Hindu,110015,65609,850,1668579,Yes
L00958,Joseph,Mirza,Male,38,Muslim,110055,71840,642,1384346,No
L00959,Amit,Patel,Male,62,Hindu,110005,105516,831,1318695,Yes
L00960,Faisal,Reddy,Male,57,Hindu,110015,62319,691,466158,No
L00961,Rahul,Hussain,Male,45,Muslim,110006,46462,734,125654,No
L00962,Rohan,Joshi,Male,32,Hindu,110005,53856,699,120837,Yes
L00963,Fatima,Patel,Female,27,Hindu,110010,81267,729,92266,Yes
L00964,Joseph,Nair,Male,34,Hindu,110010,79252,524,1124487,No
L00965,Pradeep,Nair,Male,46,Hindu,110084,52168,718,1063657,Yes
L00966,Joseph,Joshi,Male,45,Hindu,110015,58155,537,102202,No
L00967,Imran,Iyer,Male,31,Hindu,110005,79982,451,485540,No
L00968,Pradeep,Nair,Male,55,Hindu,110010,49548,565,578532,No
L00969,Meera,Nair,Female,22,Hindu,110010,53051,741,1194182,No
L00970,Vikram,Joshi,Male,28,Hindu,110001,46032,696,389933,No
L00971,Rohan,Ahmed,Male,49,Muslim,110053,19945,683,1620753,No
L00972,Manish,Iyer,Male,55,Hindu,110005,31946,849,346783,Yes
L00973,Fatima,Joseph,Female,52,Christian,110052,15000,728,394432,No
L00974,Pradeep,Patel,Male,26,Hindu,110005,57647,679,1505518,Yes
L00975,Rahul,Nair,Male,26,Hindu,110001,36118,772,1995904,Yes
L00976,Sarah,Iyer,Female,61,Hindu,110005,61215,471,212479,No
L00977,Aditya,Nair,Male,30,Hindu,110008,64657,565,1257237,No
L00978,Amit,Siddiqui,Male,32,Muslim,110092,73154,681,357215,Yes
L00979,Karan,Sharma,Male,54,Hindu,110008,64261,591,1099362,No
L00980,Faisal,Siddiqui,Male,41,Muslim,110092,66539,613,1816203,No
L00981,Daniel,Patel,Male,57,Hindu,110001,19029,729,1220011,No
L00982,Faisal,Siddiqui,Male,49,Muslim,110010,62225,792,834766,Yes
L00983,Amit,Mehta,Male,22,Hindu,400070,35882,638,1982659,Yes
L00984,Rohan,Rao,Male,38,Hindu,110001,53701,710,1860230,No
L00985,Pradeep,Patel,Male,63,Hindu,110001,55167,516,1335387,No
L00986,Sneha,Ali,Female,48,Muslim,110006,61354,640,709001,Yes
L00987,Priya,Nair,Female,43,Hindu,110005,80306,530,1949442,No
L00988,Daniel,Rao,Male,64,Hindu,110015,50567,651,359359,No
L00989,Daniel,Gupta,Male,33,Hindu,400054,23301,550,1225578,No
L00990,Ravi,Nair,Male,27,Hindu,110005,63113,706,715848,No
L00991,Sarah,Sheikh,Female,51,Muslim,110053,90010,750,1617429,No
L00992,Manish,Ali,Male,30,Muslim,110055,31282,643,1902977,No
L00993,Pradeep,Verma,Male,44,Hindu,110010,34615,640,1789587,No
L00994,Karan,Mirza,Male,56,Muslim,110055,15000,560,485047,No
L00995,Vikram,Hussain,Male,54,Muslim,110006,57831,611,1983405,Yes
L00996,Imran,Nair,Male,45,Hindu,400050,21264,628,1370098,No
L00997,Aditya,Reddy,Male,33,Hindu,110005,73274,640,1627153,Yes
L00998,Joseph,Rao,Male,52,Hindu,110008,64617,620,1061996,No
L00999,Meera,Ahmed,Female,49,Muslim,110006,64347,459,393987,No
L01000,Divya,Dom,Female,58,Other,110044,55153,632,239579,No
